FORMA|KEY|SIGL
coment|coment|v
paris|paris1|v
et|et|v
sa|sa|v
##|##
conpaignie|conpaignie|v
se|se1|v
mistrent|mistrent|v
en|en|v
mer|mer|v
##|##
or|or|v
dit|dit|v
li|li|v
contes|contes|v
que|que|v
##|##
,|,|v
quant|quant|v
paris|paris1|v
et|et|v
sa|sa|v
##|##
conpaignie|conpaignie|v
furent|furent1|v
en_si|en_si|v
atornés|atornés1|v
com|com|v
##|##
je|je|v
vos|vos|v
ai|ai1|v
dit|dit4|v
,|,|v
##|##
il|il1|v
se|se1|v
mistrent|mistrent|v
de_denz|de_denz|v
lor|lor5|v
##|##
nes|nes1|v
,|,|v
qi|qi|v
bien|bien4|v
furent|furent4|v
##|##
dui_mile|dui_mile|v
chevaliers|chevaliers2|v
preus|preus1|v
et|et|v
hardis|hardis1|v
##|##
et|et|v
conbatans|conbatans|v
.|.|v
li|li|v
roi|roi|v
##|##
priant|priant|v
lor|lor4|v
parla|parla|v
et|et|v
dist|dist|v
##|##
en_tel_mainiere|en_tel_mainiere|v
:|:|v
"|"||v
biauz|biauz4|v
seignors|seignors|v
,|,|v
##|##
fist|fist|v
il|il|v
,|,|v
je|je|v
vos|vos|v
##|##
pri|pri|v
et|et|v
reqier|reqier|v
moult|moult|v
doucement|doucement|v
##|##
,|,|v
tant_com|tant_com|v
je|je|v
plus|plus|v
puis|puis1|v
##|##
,|,|v
qe|qe3|v
vos|vos1|v
soïés|soïés|v
preus|preus1|v
##|##
et|et|v
ardis|ardis1|v
et|et|v
conbatans|conbatans|v
à|à|v
##|##
prendre|prendre|v
vengiance|vengiance|v
de|de|v
la|la|v
honte|honte|v
##|##
qe|qe1|v
les|les|v
gresois|gresois2|v
nos|nos1|v
ont|ont1|v
##|##
fete|fete|v
.|.|v
vos|vos1|v
avés|avés1|v
le|le|v
##|##
droit|droit1|v
devers|devers|v
vos|vos|v
et|et|v
il|il1|v
##|##
ont|ont|v
le|le|v
tort|tort|v
et|et|v
por_ce|por_ce|v
##|##
devés|devés|v
estre|estre3|v
plus|plus|v
seürs|seürs|v
de|de|v
##|##
vaincre|vaincre|v
vostre|vostre7|v
henemis|henemis|v
que|que|v
si|si|v
##|##
ferés|ferés|v
si_com|si_com|v
je|je|v
cuit|cuit1|v
.|.|v
##|##
paris|paris1|v
,|,|v
qi|qi|v
ensi|ensi|v
est|est|v
##|##
,|,|v
sera|sera3|v
vostre|vostre|v
cheveitane|cheveitane|v
,|,|v
##|##
avec|avec|v
lui|lui|v
sera|sera|v
deiphebus|deiphebus|v
et|et|v
##|##
heneas|heneas|v
et|et|v
polidamas|polidamas|v
,|,|v
qi|qi|v
##|##
bien|bien4|v
savront|savront1|v
consoillier|consoillier2|v
paris|paris|v
et|et|v
##|##
vos|vos|v
ausi|ausi|v
.|.|v
et|et|v
les|les|v
##|##
diex|diex1|v
vos|vos|v
doïnent|doïnent|v
tant_de|tant_de|v
grace|grace|v
##|##
qe|qe3|v
vos|vos1|v
ma|ma|v
suor|suor|v
esionan|esionan|v
##|##
puissiés|puissiés|v
avoir|avoir|v
,|,|v
de_part_diex|de_part_diex|v
soit|soit|v
##|##
.|.|v
et|et|v
se|se2|v
avoir|avoir|v
ne|ne|v
##|##
la|la1|v
poés|poés|v
,|,|v
si|si|v
me|me|v
##|##
mandés|mandés|v
tan_tost|tan_tost|v
vostre|vostre1|v
mesaje|mesaje1|v
et|et|v
##|##
je|je|v
vos|vos|v
en|en|v
promet|promet|v
qe|qe3|v
##|##
je|je|v
vos|vos|v
envoierai|envoierai|v
tel|tel2|v
secors|secors|v
##|##
et|et|v
si|si|v
fors|fors4|v
q’|q’1|v
il|il2|v
##|##
nen|nen|v
avra|avra2|v
en|en|v
grese|grese|v
si|si|v
##|##
fort|fort4|v
chastel|chastel1|v
ne|ne|v
si|si|v
forte|forte|v
##|##
cité|cité|v
q’|q’|v
il|il1|v
ne|ne|v
preignent|preignent|v
##|##
à|à|v
force|force|v
et|et|v
ne|ne|v
l’|l’5|v
##|##
abatent|abatent1|v
"|"||v
.|.|v
autre|autre1|v
parlement|parlement|v
##|##
ne|ne|v
tint|tint|v
li|li|v
roi|roi|v
à_cele_fois|à_cele_fois|v
##|##
ho|ho|v
els|els1|v
.|.|v
l’|l’|v
air|air1|v
##|##
estoit|estoit1|v
adonc|adonc|v
cler|cler|v
et|et|v
serin|serin|v
##|##
en_si_com|en_si_com|v
fet|fet1|v
en|en|v
mai|mai|v
,|,|v
##|##
et|et|v
l’|l’|v
ore|ore|v
vencoit|vencoit|v
adonc|adonc|v
##|##
doux|doux|v
et|et|v
soëf|soëf|v
.|.|v
il|il1|v
##|##
pristrent|pristrent|v
de|de|v
lor|lor6|v
amis|amis3|v
conjé|conjé|v
##|##
,|,|v
si|si|v
se|se1|v
partirent|partirent|v
dou|dou|v
##|##
port|port|v
,|,|v
si|si|v
siglerent|siglerent|v
vers|vers|v
##|##
grese|grese|v
à|à|v
voilles|voilles|v
ploines|ploines|v
,|,|v
##|##
à|à|v
moult|moult|v
grant|grant1|v
esploit|esploit|v
.|.|v
##|##
coment|coment|v
paris|paris1|v
encontra|encontra|v
menelaus|menelaus|v
de_denz|de_denz|v
##|##
la|la|v
mer|mer|v
en|en|v
celui|celui1|v
tenz|tenz|v
##|##
q’|q’1|v
il|il1|v
estoient|estoient1|v
de_denz|de_denz|v
la|la|v
##|##
mer|mer|v
entre|entre|v
paris|paris|v
et|et|v
sa|sa|v
##|##
conpaignie|conpaignie|v
,|,|v
il|il1|v
chousirent|chousirent|v
une|une|v
##|##
qantité|qantité|v
de|de|v
nes|nes1|v
qi|qi|v
aloient|aloient|v
##|##
parmi|parmi|v
la|la|v
mer|mer|v
.|.|v
cele|cele|v
##|##
navie|navie|v
estoit|estoit|v
dou|dou|v
roi|roi1|v
menelax|menelax|v
##|##
qi|qi|v
aloit|aloit|v
adonc|adonc|v
à|à|v
pirre|pirre|v
##|##
car|car|v
le|le|v
roi|roi|v
nestor|nestor1|v
l’|l’5|v
##|##
avoit|avoit2|v
mandé|mandé|v
qerre|qerre|v
,|,|v
ne|ne|v
##|##
sai|sai|v
por_quoi|por_quoi|v
.|.|v
celui|celui|v
menelax|menelax1|v
##|##
estoit|estoit1|v
moult|moult|v
riche|riche2|v
roi|roi|v
et|et|v
##|##
moult|moult|v
cortois|cortois|v
et|et|v
saje|saje|v
et|et|v
##|##
vaillant|vaillant|v
;|;|v
il|il|v
avoit|avoit|v
à|à|v
feme|feme|v
##|##
dame|dame|v
heleine|heleine|v
,|,|v
qi|qi|v
estoit|estoit1|v
##|##
la|la|v
plus|plus|v
très_plaisans|très_plaisans|v
qi|qi|v
fust|fust5|v
##|##
adonc|adonc|v
au|au|v
monde|monde1|v
ne|ne|v
qi|qi|v
##|##
fust|fust6|v
estee|estee|v
,|,|v
si_com|si_com|v
je|je|v
##|##
cuit|cuit1|v
.|.|v
les|les1|v
navies|navies|v
ne|ne|v
##|##
se|se1|v
porent|porent1|v
tant|tant|v
aprochier|aprochier|v
q’|q’1|v
##|##
il|il1|v
se|se1|v
peüssent|peüssent|v
parler|parler|v
;|;|v
il|il|v
##|##
ala|ala|v
ciaschun|ciaschun|v
sa|sa|v
voie|voie|v
sans|sans|v
##|##
rienz|rienz|v
savoir|savoir1|v
li|li|v
un|un2|v
de|de|v
##|##
l’|l’|v
autre|autre7|v
.|.|v
ceste|ceste1|v
dame|dame|v
##|##
helene|helene|v
,|,|v
la|la|v
feme|feme|v
menelax|menelax|v
##|##
,|,|v
avoit|avoit|v
dui|dui|v
freres|freres1|v
:|:|v
castor|castor1|v
##|##
et|et|v
apollus|apollus1|v
.|.|v
ces|ces|v
dui|dui|v
##|##
estoient|estoient1|v
adonc|adonc|v
de_denz|de_denz|v
la|la|v
cité|cité|v
##|##
de|de|v
cimestree|cimestree|v
,|,|v
qi|qi|v
moult|moult|v
##|##
estoit|estoit1|v
riche|riche|v
et|et|v
grant|grant4|v
.|.|v
##|##
si|si|v
avoit|avoit|v
adonc|adonc|v
dame|dame|v
heleine|heleine|v
##|##
une|une|v
fillie|fillie|v
qi|qi|v
estoit|estoit|v
à|à|v
##|##
celui|celui1|v
tenz|tenz|v
avec|avec|v
ces|ces4|v
dui|dui|v
##|##
honcles|honcles|v
,|,|v
qi|qi|v
moult|moult|v
la|la1|v
##|##
fesoient|fesoient|v
chierement|chierement|v
norir|norir|v
et|et|v
garder|garder|v
##|##
.|.|v
coment|coment|v
paris|paris1|v
ho|ho|v
sa|sa|v
##|##
navie|navie|v
ariva|ariva|v
en|en|v
grese|grese|v
à|à|v
##|##
l’|l’1|v
isle|isle|v
de|de|v
citea|citea|v
,|,|v
##|##
qi|qi|v
estoit|estoit|v
de|de|v
menelaus|menelaus|v
paris|paris1|v
##|##
et|et|v
sa|sa|v
conpaignie|conpaignie|v
hont|hont|v
tant|tant|v
##|##
alés|alés6|v
et|et|v
tant|tant|v
siglés|siglés|v
q’|q’1|v
##|##
il|il1|v
ariverent|ariverent|v
en|en|v
grese|grese|v
à|à|v
##|##
un|un1|v
ille|ille|v
qui|qui|v
estoit|estoit2|v
à|à|v
##|##
celui|celui1|v
tenz|tenz|v
apellee|apellee|v
chitera|chitera|v
,|,|v
##|##
selonc|selonc|v
ce_qe|ce_qe|v
le|le2|v
scriture|scriture|v
nos|nos1|v
##|##
dit|dit4|v
,|,|v
qi|qi|v
estoit|estoit|v
de|de|v
##|##
la|la|v
seignorie|seignorie|v
menelax|menelax|v
.|.|v
li|li|v
##|##
tenz|tenz1|v
estoit|estoit1|v
adonc|adonc|v
moult|moult|v
cler|cler|v
##|##
et|et|v
serins|serins|v
.|.|v
à|à|v
cele|cele|v
##|##
isle|isle|v
estoit|estoit|v
un|un|v
tenple|tenple|v
moult|moult|v
##|##
riche|riche2|v
et|et|v
ansien|ansien|v
,|,|v
là_où|là_où|v
##|##
toute|toute|v
la|la|v
gent|gent|v
avoient|avoient|v
moult|moult|v
##|##
grant|grant4|v
devosion|devosion|v
,|,|v
si|si|v
i|i|v
##|##
venoient|venoient|v
les|les1|v
genz|genz|v
dou|dou|v
païs|païs|v
##|##
sacrefice|sacrefice|v
et|et|v
horison|horison|v
faire|faire|v
car|car|v
##|##
moult|moult|v
i|i|v
avoient|avoient|v
grant|grant4|v
devosion|devosion|v
##|##
;|;|v
si|si|v
i|i|v
ofroient|ofroient|v
de|de|v
riches|riches2|v
##|##
dons|dons|v
et|et|v
i|i|v
prenoient|prenoient|v
devin|devin|v
##|##
respons|respons|v
.|.|v
à|à|v
celui|celui1|v
tenz|tenz|v
##|##
qe|qe3|v
paris|paris1|v
i|i|v
ariva|ariva|v
,|,|v
##|##
i|i|v
fesoient|fesoient|v
les|les1|v
genz|genz|v
à|à|v
##|##
celui|celui1|v
temple|temple1|v
moult|moult|v
grant|grant4|v
feste|feste|v
##|##
,|,|v
car|car|v
il|il1|v
estoient|estoient2|v
tos|tos4|v
##|##
venus|venus1|v
à|à|v
grant|grant4|v
joie|joie|v
et|et|v
##|##
à|à|v
grant|grant1|v
desduit|desduit|v
,|,|v
car|car|v
##|##
lendemain|lendemain|v
devoient|devoient|v
celebrer|celebrer|v
cele|cele|v
grant|grant4|v
##|##
feste|feste|v
à|à|v
la|la|v
deesse|deesse|v
juno|juno|v
##|##
.|.|v
paris|paris1|v
,|,|v
puis_q’|puis_q’|v
il|il|v
##|##
fu|fu2|v
arivés|arivés2|v
,|,|v
il|il|v
descendi|descendi|v
##|##
de|de|v
nes|nes2|v
entre|entre|v
lui|lui|v
et|et|v
##|##
sa|sa|v
conpaignie|conpaignie|v
.|.|v
paris|paris1|v
estoit|estoit1|v
##|##
moult|moult|v
biau|biau|v
de|de|v
vis|vis|v
et|et|v
##|##
de|de|v
faisons|faisons|v
,|,|v
tel|tel1|v
estoit|estoit1|v
##|##
q’|q’1|v
il|il2|v
nen|nen|v
avoit|avoit1|v
au|au|v
##|##
monde|monde1|v
son|son|v
paroil|paroil|v
.|.|v
il|il|v
##|##
estoit|estoit2|v
adonc|adonc|v
moult|moult|v
gentement|gentement|v
adornés|adornés|v
##|##
de|de|v
moult|moult|v
riches|riches|v
vesteüres|vesteüres|v
;|;|v
ces|ces3|v
##|##
conpaignons|conpaignons|v
estoient|estoient3|v
adonques|adonques|v
ahornés|ahornés3|v
à|à|v
##|##
guise|guise|v
de|de|v
roiz|roiz|v
et|et|v
de|de|v
##|##
barons|barons3|v
.|.|v
quant|quant|v
paris|paris1|v
fu|fu2|v
##|##
au|au|v
tenple|tenple1|v
venus|venus|v
,|,|v
il|il|v
##|##
aparoillier|aparoillier1|v
un|un|v
moult|moult|v
riche|riche3|v
sacrefice|sacrefice|v
##|##
à|à|v
la|la|v
guise|guise|v
troiene|troiene|v
,|,|v
##|##
si|si|v
le|le4|v
sacrefia|sacrefia|v
à|à|v
la|la|v
##|##
guise|guise|v
de|de|v
troie|troie|v
à|à|v
la|la|v
##|##
deesse|deesse|v
diane|diane|v
,|,|v
moult|moult|v
con|con|v
##|##
grant|grant4|v
devosion|devosion|v
et|et|v
ho|ho|v
sinple|sinple|v
##|##
chiere|chiere|v
.|.|v
les|les1|v
genz|genz|v
dou|dou|v
##|##
païs|païs|v
qi|qi|v
virent|virent|v
paris|paris|v
et|et|v
##|##
sa|sa|v
conpaignie|conpaignie|v
ensi|ensi|v
ahornés|ahornés2|v
et|et|v
##|##
aparoillés|aparoillés1|v
,|,|v
les|les4|v
demanderent|demanderent|v
et|et|v
##|##
enqistrent|enqistrent|v
moult_de|moult_de|v
lor|lor1|v
estre|estre1|v
,|,|v
##|##
et|et|v
donc|donc1|v
il|il1|v
estoient|estoient1|v
et|et|v
##|##
qi|qi5|v
·l|·l|v
aloient|aloient|v
chersant|chersant|v
par|par|v
##|##
cele|cele|v
contree|contree|v
.|.|v
les|les|v
conpaignons|conpaignons|v
##|##
paris|paris|v
li|li4|v
respondirent|respondirent|v
à_poi_de|à_poi_de|v
paroules|paroules|v
##|##
que|que|v
lor|lor|v
sire|sire|v
avoit|avoit|v
non|non2|v
##|##
paris|paris|v
,|,|v
qi|qi|v
estoit|estoit1|v
fis|fis|v
##|##
au|au|v
roi|roi1|v
priant|priant1|v
de|de|v
troie|troie|v
##|##
;|;|v
si|si|v
lor|lor4|v
distrent|distrent|v
encore|encore|v
q’|q’1|v
##|##
il|il1|v
estoient|estoient2|v
en|en|v
cele|cele|v
contree|contree|v
##|##
venus|venus1|v
por|por|v
parler|parler|v
à|à|v
castor|castor1|v
##|##
et|et|v
apollus|apollus1|v
por_ce_qe|por_ce_qe|v
jadis|jadis|v
furent|furent|v
##|##
en|en|v
la|la|v
contree|contree|v
de|de|v
troie|troie|v
##|##
ho|ho|v
les|les|v
gresois|gresois1|v
quant|quant|v
troie|troie|v
##|##
fu|fu1|v
esilliee|esilliee|v
et|et|v
le|le|v
païs|païs1|v
##|##
;|;|v
si|si|v
enmenerent|enmenerent|v
adonc|adonc|v
les|les|v
gresois|gresois2|v
##|##
une|une|v
suor|suor|v
priant|priant1|v
qi|qi|v
estoit|estoit1|v
##|##
ante|ante|v
cestui|cestui1|v
,|,|v
la_qel|la_qel|v
talemon|talemon|v
##|##
tient|tient|v
en|en|v
songnantaje|songnantaje|v
,|,|v
laquel|laquel|v
##|##
cestui|cestui|v
vient|vient|v
lor|lor4|v
demander|demander|v
q’|q’1|v
##|##
il|il|v
la|la1|v
li|li2|v
facent|facent|v
rendre|rendre|v
##|##
.|.|v
"|"||v
et|et|v
c’|c’|v
il|il1|v
##|##
le|le6|v
font|font|v
,|,|v
de_part_diex|de_part_diex|v
soit|soit|v
##|##
,|,|v
nos|nos|v
en|en|v
seroumes|seroumes1|v
aleigre|aleigre2|v
##|##
et|et|v
la|la1|v
enmeneromes|enmeneromes|v
.|.|v
et|et|v
##|##
c’|c’|v
il|il1|v
ne|ne|v
le|le6|v
voudront|voudront|v
##|##
fere|fere|v
,|,|v
je|je|v
vos|vos|v
di|di|v
##|##
qe|qe3|v
encore|encore|v
en|en|v
sordra|sordra|v
grant|grant|v
##|##
males|males|v
et|et|v
grant|grant|v
engonbrier|engonbrier1|v
"|"||v
##|##
.|.|v
coment|coment|v
paris|paris1|v
consoilla|consoilla|v
à|à|v
##|##
ses|ses1|v
conpaignons|conpaignons1|v
d’|d’|v
asailli|asailli|v
le|le|v
##|##
temple|temple1|v
et|et|v
d’|d’|v
olcir|olcir|v
la|la|v
##|##
novelle|novelle|v
est|est3|v
tost|tost|v
corue|corue|v
coment|coment|v
##|##
paris|paris1|v
li|li|v
biaus|biaus|v
,|,|v
le|le|v
##|##
fils|fils|v
au|au|v
roi|roi1|v
priant|priant1|v
,|,|v
##|##
estoit|estoit3|v
à|à|v
l’|l’1|v
isle|isle|v
arivés|arivés2|v
##|##
ho|ho|v
sa|sa|v
navie|navie|v
.|.|v
et|et|v
##|##
quant|quant|v
dame|dame|v
heleine|heleine|v
le|le6|v
sot|sot|v
##|##
,|,|v
elle|elle|v
fu|fu|v
moult|moult|v
aleigre|aleigre4|v
##|##
et|et|v
joieuse|joieuse|v
,|,|v
si|si|v
dist|dist|v
##|##
à|à|v
soi|soi|v
meïsmes|meïsmes4|v
q’|q’1|v
elle|elle|v
##|##
ne|ne|v
laseroit|laseroit|v
en|en|v
nulle|nulle|v
mainiere|mainiere|v
##|##
q’|q’1|v
elle|elle|v
ne|ne|v
là|là|v
alast|alast|v
##|##
au|au|v
tenple|tenple1|v
la|la|v
feste|feste|v
sacrefier|sacrefier|v
##|##
por|por|v
paris|paris|v
veoir|veoir|v
.|.|v
si|si|v
##|##
dist|dist|v
à|à|v
cels|cels1|v
en|en|v
cui|cui|v
##|##
elle|elle|v
plus|plus|v
fesioit|fesioit|v
q’|q’1|v
il|il1|v
##|##
li|li3|v
aparoillasent|aparoillasent|v
hoire|hoire|v
por_ce_q’|por_ce_q’|v
elle|elle|v
##|##
voloit|voloit1|v
aler|aler|v
au|au|v
tenple|tenple1|v
por|por|v
##|##
un|un|v
vo|vo1|v
q’|q’|v
elle|elle|v
avoit|avoit2|v
##|##
fet|fet2|v
apollo|apollo|v
son|son1|v
diex|diex3|v
,|,|v
##|##
por_ce_q’|por_ce_q’|v
elle|elle|v
voloit|voloit1|v
hoïr|hoïr|v
le|le|v
##|##
devin|devin|v
respons|respons|v
.|.|v
tot_ensi_com|tot_ensi_com|v
elle|elle|v
##|##
le|le6|v
conmanda|conmanda|v
fu|fu1|v
tot_maintenan|tot_maintenan|v
fait|fait2|v
##|##
,|,|v
puis|puis|v
se|se|v
mist|mist|v
à|à|v
##|##
la|la|v
voie|voie|v
entre|entre|v
li|li3|v
et|et|v
##|##
sa|sa|v
maisnié|maisnié|v
.|.|v
et|et|v
tant|tant|v
##|##
chevaucherent|chevaucherent|v
q’|q’1|v
elle|elle|v
vint|vint|v
au|au|v
##|##
tenple|tenple1|v
,|,|v
moult|moult|v
lié|lié1|v
et|et|v
##|##
moult|moult|v
joieuse|joieuse|v
.|.|v
paris|paris1|v
,|,|v
##|##
qi|qi|v
au|au|v
tenple|tenple1|v
estoit|estoit|v
,|,|v
##|##
adonc|adonc|v
nen|nen|v
avoit|avoit2|v
jamés|jamés|v
helene|helene|v
##|##
veüe|veüe|v
;|;|v
tot_maintenant_q’|tot_maintenant_q’|v
il|il|v
la|la1|v
vit|vit|v
##|##
,|,|v
la|la1|v
conjota|conjota|v
avoir|avoir|v
car|car|v
##|##
il|il|v
avoit|avoit2|v
hoï|hoï1|v
dir|dir|v
et|et|v
##|##
le|le6|v
veoit|veoit|v
moult|moult|v
bien|bien4|v
q’|q’|v
##|##
elle|elle|v
estoit|estoit1|v
la|la|v
plus|plus|v
belle|belle|v
##|##
dame|dame|v
qi|qi|v
fust|fust5|v
en|en|v
vie|vie|v
##|##
.|.|v
si|si|v
ala|ala|v
tant|tant|v
sa|sa2|v
##|##
et|et|v
là|là|v
q’|q’1|v
elle|elle|v
s’|s’|v
##|##
acousta|acousta|v
de|de|v
lui|lui|v
.|.|v
si|si|v
##|##
vos|vos|v
di|di|v
qe|qe3|v
,|,|v
quant|quant|v
##|##
il|il1|v
furent|furent1|v
ensi|ensi|v
acoustés|acoustés|v
,|,|v
##|##
qe|qe3|v
moult|moult|v
se|se1|v
regarderent|regarderent1|v
ensenble|ensenble|v
##|##
.|.|v
heleine|heleine|v
avoit|avoit2|v
enqis|enqis|v
et|et|v
##|##
demandé|demandé1|v
qi|qi4|v
paris|paris1|v
estoit|estoit|v
,|,|v
##|##
qi|qi4|v
estoit|estoit|v
son|son|v
pere|pere|v
et|et|v
##|##
de|de|v
qel|qel|v
terre|terre|v
il|il|v
estoit|estoit|v
##|##
et|et|v
qe|qe4|v
aloit|aloit|v
chersant|chersant|v
por|por|v
##|##
cele|cele|v
contree|contree|v
;|;|v
si|si|v
li|li3|v
fu|fu1|v
##|##
conté|conté1|v
ensi_com|ensi_com|v
l’|l’|v
afer|afer|v
estoit|estoit|v
##|##
.|.|v
helene|helene|v
regarda|regarda|v
moult|moult|v
paris|paris|v
##|##
et|et|v
sa|sa|v
biauté|biauté|v
,|,|v
si|si|v
##|##
vos|vos|v
di|di|v
qe|qe3|v
mervoilleusement|mervoilleusement|v
s’|s’|v
##|##
enamora|enamora|v
de|de|v
lui|lui|v
avant_q’|avant_q’|v
elle|elle|v
##|##
se|se|v
partist|partist|v
de|de|v
la|la|v
place|place|v
##|##
,|,|v
là_où|là_où|v
elle|elle|v
l’|l’5|v
avoit|avoit2|v
##|##
veü|veü|v
;|;|v
por|por|v
sa|sa|v
biauté|biauté|v
moult|moult|v
##|##
li|li3|v
plot|plot|v
et|et|v
atalenta|atalenta|v
.|.|v
##|##
tout_ausi|tout_ausi|v
s’|s’|v
enamora|enamora|v
paris|paris1|v
de|de|v
##|##
heleine|heleine|v
.|.|v
paris|paris1|v
estoit|estoit1|v
moult|moult|v
##|##
saje|saje|v
,|,|v
si|si|v
connut|connut|v
moult|moult|v
##|##
bien|bien4|v
heleine|heleine|v
au|au|v
senblant|senblant|v
et|et|v
##|##
sot|sot1|v
q’|q’1|v
elle|elle|v
l’|l’5|v
amoit|amoit|v
##|##
et|et|v
q’|q’1|v
elle|elle|v
avoit|avoit|v
talent|talent|v
##|##
de|de|v
faire|faire|v
tot_ce_qe|tot_ce_qe|v
à|à|v
lui|lui|v
##|##
plesoit|plesoit|v
.|.|v
si|si|v
fist|fist|v
tant|tant|v
##|##
paris|paris1|v
et|et|v
tant|tant|v
enarta|enarta|v
q’|q’1|v
##|##
il|il|v
li|li3|v
dist|dist|v
celeement|celeement|v
partie|partie|v
##|##
de|de|v
son|son1|v
coraje|coraje|v
,|,|v
si|si|v
##|##
fist|fist|v
heleine|heleine|v
à|à|v
lui|lui|v
.|.|v
##|##
si|si|v
vos|vos|v
di|di|v
qe|qe3|v
ensi|ensi|v
##|##
parlant|parlant|v
et|et|v
ensi|ensi|v
regardant|regardant|v
li|li|v
##|##
un|un2|v
l’|l’|v
autre|autre7|v
ardoient|ardoient|v
et|et|v
##|##
esprenoient|esprenoient|v
plus_et_plus|plus_et_plus|v
.|.|v
si|si|v
muoient|muoient|v
##|##
et|et|v
changioient|changioient|v
sovent|sovent|v
lor|lor2|v
coulor|coulor|v
##|##
car|car|v
une_fois|une_fois|v
devenoient|devenoient|v
plus|plus|v
vermoils|vermoils|v
##|##
qe|qe3|v
graine|graine|v
,|,|v
autre_fois|autre_fois|v
tornoient|tornoient|v
##|##
plus|plus|v
blanc|blanc2|v
que|que|v
noif|noif|v
,|,|v
##|##
autre_fois|autre_fois|v
esprenoient|esprenoient|v
et|et|v
alumoient|alumoient|v
et|et|v
##|##
trenbloient|trenbloient|v
come|come|v
la|la|v
fueille|fueille|v
au|au|v
##|##
vent|vent|v
.|.|v
amors|amors|v
les|les4|v
a|a2|v
##|##
ensi|ensi|v
atornés|atornés2|v
com|com|v
je|je|v
vos|vos|v
##|##
ai|ai1|v
dit|dit4|v
,|,|v
car|car|v
il|il1|v
##|##
desirent|desirent|v
moult|moult|v
estre|estre3|v
paroil|paroil1|v
de|de|v
##|##
conpaignie|conpaignie|v
.|.|v
qant|qant|v
il|il1|v
orent|orent1|v
##|##
esté|esté7|v
ensi|ensi|v
grant|grant4|v
pieces|pieces|v
,|,|v
##|##
paris|paris1|v
ho|ho|v
tot|tot1|v
le|le1|v
siens|siens1|v
##|##
print|print|v
conjé|conjé|v
de|de|v
dame|dame|v
heleine|heleine|v
##|##
et|et|v
s’|s’1|v
en|en|v
retornerent|retornerent1|v
à|à|v
##|##
lor|lor5|v
nes|nes1|v
.|.|v
et|et|v
quant|quant|v
##|##
il|il1|v
furent|furent1|v
as|as|v
nes|nes1|v
venus|venus1|v
##|##
,|,|v
le|le|v
soleil|soleil1|v
estoit|estoit1|v
ja|ja|v
##|##
au|au|v
declin|declin|v
.|.|v
paris|paris1|v
fist|fist1|v
##|##
son|son1|v
consoil|consoil1|v
venir|venir|v
devant|devant1|v
li|li2|v
##|##
:|:|v
ce|ce|v
fu|fu3|v
deifebus|deifebus|v
et|et|v
heneas|heneas|v
##|##
et|et|v
polidamas|polidamas|v
et|et|v
des|des|v
autres|autres4|v
##|##
asés|asés|v
.|.|v
si|si|v
lor|lor4|v
dist|dist|v
##|##
en_tel_mainiere|en_tel_mainiere|v
.|.|v
coment|coment|v
paris|paris1|v
parla|parla|v
##|##
et|et|v
coment|coment|v
ses|ses|v
conpaignons|conpaignons|v
le|le4|v
##|##
loërent|loërent|v
asaillir|asaillir|v
la|la4|v
temple|temple1|v
"|"||v
##|##
biaux|biaux4|v
seignors|seignors|v
,|,|v
li|li|v
roi|roi|v
##|##
priant|priant|v
m’|m’|v
a|a2|v
envoiés|envoiés|v
en|en|v
##|##
cestui|cestui3|v
païs|païs|v
por|por|v
nos|nos4|v
henemis|henemis|v
##|##
damajer|damajer|v
et|et|v
nuire|nuire|v
,|,|v
por|por|v
##|##
la|la|v
grant|grant4|v
honte|honte|v
qe|qe1|v
jadis|jadis|v
##|##
firent|firent|v
à|à|v
nostre|nostre1|v
lignajes|lignajes|v
,|,|v
##|##
et|et|v
por|por|v
avoir|avoir|v
ma|ma|v
ante|ante|v
##|##
et|et|v
esionan|esionan|v
,|,|v
se|se2|v
nos|nos|v
##|##
peüson|peüson|v
.|.|v
me|me2|v
je|je|v
vos|vos|v
##|##
di|di|v
que|que|v
de|de|v
li|li3|v
avoir|avoir|v
##|##
est|est|v
il|il2|v
noiant|noiant1|v
,|,|v
ensi_com|ensi_com|v
##|##
je|je|v
croi|croi|v
,|,|v
car|car|v
elle|elle|v
##|##
est|est|v
en|en|v
teu|teu1|v
leu|leu|v
qe|qe3|v
##|##
avoir|avoir|v
ne|ne|v
la|la1|v
porions|porions|v
.|.|v
##|##
nos|nos|v
soumes|soumes1|v
ensi|ensi|v
arivés|arivés3|v
et|et|v
##|##
soumes|soumes|v
entre|entre|v
nos|nos4|v
henemis|henemis|v
:|:|v
si|si|v
##|##
vos|vos|v
di|di|v
qe|qe3|v
,|,|v
c’|c’|v
##|##
il|il1|v
seüssent|seüssent|v
de|de|v
nostre|nostre|v
volonté|volonté|v
##|##
et|et|v
porquoi|porquoi|v
nos|nos|v
i|i|v
soumes|soumes1|v
##|##
venus|venus1|v
,|,|v
à|à|v
damaje|damaje1|v
nos|nos1|v
##|##
porroit|porroit|v
torner|torner|v
.|.|v
et|et|v
por_ce|por_ce|v
##|##
de|de|v
demorer|demorer|v
ensi|ensi|v
longuement|longuement|v
ne|ne|v
##|##
seroit|seroit1|v
pas|pas|v
sens|sens1|v
,|,|v
je|je|v
##|##
ai|ai1|v
pensee|pensee1|v
une|une|v
chouse|chouse|v
qe|qe1|v
##|##
je|je|v
vos|vos|v
vuoil|vuoil|v
descouvrir|descouvrir|v
por_ce_que|por_ce_que|v
##|##
vos|vos1|v
sor|sor|v
ce|ce1|v
me|me|v
consoillés|consoillés2|v
##|##
.|.|v
vos|vos1|v
veés|veés|v
bien|bien4|v
qe|qe3|v
##|##
tos|tos7|v
les|les|v
aut|aut2|v
homes|homes|v
de|de|v
##|##
cestui|cestui3|v
païs|païs|v
sont|sont2|v
à|à|v
ceste|ceste1|v
##|##
feste|feste|v
asemblees|asemblees|v
,|,|v
et|et|v
avec|avec|v
##|##
els|els1|v
moult_de|moult_de|v
menue|menue|v
gent|gent|v
.|.|v
##|##
si|si|v
ont|ont|v
avec|avec|v
els|els1|v
moult|moult|v
##|##
grant|grant1|v
tresor|tresor|v
d’|d’|v
or|or1|v
et|et|v
##|##
d’|d’|v
argent|argent|v
et|et|v
dou|dou|v
dras|dras|v
##|##
de|de|v
soie|soie|v
;|;|v
et|et|v
avec|avec|v
se|se4|v
##|##
i|i|v
est|est|v
la|la|v
plus|plus|v
belle|belle|v
##|##
dame|dame|v
qi|qi|v
soit|soit|v
au|au|v
monde|monde1|v
##|##
,|,|v
ensi_com|ensi_com|v
je|je|v
croi|croi|v
,|,|v
##|##
qi|qi|v
est|est1|v
roïne|roïne|v
de|de|v
cestui|cestui3|v
##|##
païs|païs|v
.|.|v
por|por|v
qoi|qoi|v
je|je|v
##|##
vos|vos|v
di|di|v
qe|qe3|v
,|,|v
c’|c’|v
##|##
il|il2|v
vos|vos|v
pleïst|pleïst|v
ou|ou|v
le|le|v
##|##
meillor|meillor5|v
vos|vos|v
senblast|senblast|v
,|,|v
je|je|v
##|##
loëroie|loëroie|v
qe|qe3|v
cestui|cestui2|v
tenple|tenple|v
fust|fust4|v
##|##
asaillis|asaillis|v
et|et|v
ceste|ceste1|v
gent|gent|v
morte|morte|v
##|##
et|et|v
prise|prise|v
,|,|v
et|et|v
dame|dame|v
##|##
heleine|heleine|v
,|,|v
qi|qi|v
est|est|v
de_denz|de_denz|v
##|##
le|le|v
tenple|tenple1|v
,|,|v
ausi|ausi|v
en|en|v
##|##
soit|soit2|v
menee|menee|v
.|.|v
et|et|v
je|je|v
##|##
cuit|cuit1|v
qe|qe3|v
,|,|v
se|se2|v
nos|nos|v
##|##
ensi|ensi|v
le|le6|v
feisons|feisons|v
,|,|v
qe|qe3|v
##|##
nos|nos|v
i|i|v
conquerrons|conquerrons|v
henor|henor|v
et|et|v
##|##
pris|pris|v
et|et|v
si|si|v
i|i|v
gaagnerons|gaagnerons|v
##|##
moult|moult|v
grant|grant1|v
tresor|tresor|v
et|et|v
moult_de|moult_de|v
##|##
bons|bons|v
prisons|prisons|v
,|,|v
et|et|v
avec|avec|v
##|##
se|se4|v
la|la|v
roïne|roïne|v
de|de|v
cestui|cestui3|v
##|##
païs|païs|v
.|.|v
se|se2|v
nos|nos|v
ensi|ensi|v
##|##
le|le6|v
feison|feison|v
,|,|v
je|je|v
cuit|cuit1|v
##|##
que|que|v
nos|nos|v
et|et|v
nostre|nostre2|v
pris|pris5|v
##|##
en|en|v
sera|sera1|v
doublés|doublés|v
et|et|v
nostre|nostre|v
##|##
renomee|renomee|v
en|en|v
sera|sera1|v
creüe|creüe|v
et|et|v
##|##
ensausee|ensausee|v
,|,|v
et|et|v
la|la|v
honte|honte|v
##|##
des|des2|v
gresois|gresois1|v
en|en|v
sera|sera1|v
ramenceüe|ramenceüe|v
##|##
jusque|jusque|v
mil|mil|v
ans|ans1|v
.|.|v
car|car|v
##|##
je|je|v
vos|vos|v
di|di|v
bien|bien4|v
,|,|v
##|##
selonc|selonc|v
mon|mon1|v
cuidier|cuidier|v
,|,|v
que|que|v
##|##
nos|nos|v
ne|ne|v
porrons|porrons|v
en|en|v
toute|toute|v
##|##
grese|grese|v
trover|trover|v
ni|ni|v
en|en|v
mer|mer|v
##|##
ni|ni|v
en|en|v
terre|terre|v
où|où|v
nos|nos|v
##|##
poïsons|poïsons|v
mies|mies|v
esploitier|esploitier|v
ne|ne|v
plus|plus|v
##|##
damegier|damegier|v
nos|nos4|v
enemis|enemis|v
sans|sans|v
grant|grant1|v
##|##
perils|perils|v
.|.|v
vos|vos1|v
veés|veés|v
bien|bien4|v
##|##
qe|qe3|v
poi_de|poi_de|v
gent|gent|v
soumes|soumes|v
,|,|v
##|##
si|si|v
ne|ne|v
porrons|porrons|v
par|par|v
force|force|v
##|##
predre|predre|v
ni|ni|v
chastel|chastel|v
ne|ne|v
cité|cité|v
##|##
.|.|v
et|et|v
por_ce|por_ce|v
consoillés|consoillés2|v
ce_q’|ce_q’|v
##|##
il|il2|v
vos|vos|v
semble|semble|v
de|de|v
cestui|cestui3|v
##|##
fet|fet9|v
"|"||v
.|.|v
de|de|v
se|se4|v
##|##
meïsmes|meïsmes3|v
à|à|v
celui|celui1|v
parlement|parlement|v
ot|ot1|v
##|##
dit|dit4|v
plusor|plusor|v
devers|devers1|v
raisons|raisons|v
mes|mes|v
##|##
en_la_fin|en_la_fin|v
loërent|loërent|v
ce_que|ce_que|v
paris|paris1|v
dist|dist|v
##|##
sanz|sanz|v
grant|grant1|v
contredit|contredit|v
,|,|v
qe|qe3|v
##|##
le|le|v
tenple|tenple|v
fu|fu1|v
asaillis|asaillis|v
et|et|v
##|##
rot|rot|v
et|et|v
debrisiéz|debrisiéz|v
et|et|v
roubés|roubés1|v
##|##
et|et|v
les|les|v
homes|homes1|v
mors|mors2|v
et|et|v
##|##
pris|pris6|v
et|et|v
detrenchés|detrenchés|v
.|.|v
adonc|adonc|v
##|##
fu|fu|v
paris|paris1|v
moult|moult|v
liés|liés|v
,|,|v
##|##
si|si|v
dist|dist|v
q’|q’1|v
il|il|v
voloit|voloit1|v
##|##
faire|faire|v
en_tel_mainiere|en_tel_mainiere|v
car|car|v
,|,|v
quant|quant|v
##|##
la|la|v
nuit|nuit|v
venist|venist|v
qe|qe3|v
la|la|v
##|##
lune|lune|v
fust|fust6|v
chouchee|chouchee|v
,|,|v
il|il|v
##|##
voloit|voloit|v
qe|qe3|v
ses|ses2|v
genz|genz|v
s’|s’1|v
##|##
armassent|armassent|v
tos|tos4|v
bien|bien4|v
et|et|v
biaus|biaus4|v
##|##
et|et|v
se|se1|v
meïssent|meïssent|v
à|à|v
la|la|v
##|##
voie|voie|v
hordineement|hordineement|v
et|et|v
à_celee|à_celee|v
.|.|v
##|##
"|"||v
cels|cels|v
qi|qi|v
à|à|v
nes|nes1|v
##|##
remandront|remandront|v
aïent|aïent1|v
lor|lor5|v
ancres|ancres|v
levees|levees1|v
##|##
et|et|v
lor|lor5|v
voilles|voilles|v
collees|collees|v
por|por|v
##|##
nos|nos1|v
recoillir|recoillir|v
tot_maintenant|tot_maintenant|v
;|;|v
si|si|v
feirons|feirons|v
##|##
entre|entre|v
nos|nos1|v
tel|tel2|v
signe|signe|v
qi|qi2|v
##|##
bien|bien4|v
le|le4|v
conoisirons|conoisirons|v
quant|quant|v
ensi|ensi|v
##|##
seroumes|seroumes|v
atornés|atornés1|v
,|,|v
adonc|adonc|v
nos|nos|v
##|##
metrons|metrons|v
à|à|v
la|la|v
voie|voie|v
ensi|ensi|v
##|##
aparoillés|aparoillés7|v
et|et|v
asaudrons|asaudrons|v
le|le|v
temple|temple1|v
##|##
,|,|v
et|et|v
je|je|v
sai|sai|v
veraiement|veraiement|v
##|##
qe|qe3|v
nos|nos|v
le|le4|v
prenderons|prenderons|v
sans|sans|v
##|##
nulle|nulle|v
defensions|defensions|v
"|"||v
.|.|v
cestui|cestui2|v
##|##
consoil|consoil|v
fu|fu1|v
moult|moult|v
loés|loés|v
de|de|v
##|##
tos|tos5|v
,|,|v
si|si|v
alerent|alerent|v
souper|souper|v
##|##
,|,|v
puis|puis|v
se|se1|v
repouserent|repouserent|v
un_poi|un_poi|v
##|##
.|.|v
et|et|v
quant|quant|v
il|il2|v
vint|vint|v
##|##
vers|vers|v
le|le1|v
premier|premier|v
sons|sons|v
,|,|v
##|##
qe|qe3|v
la|la|v
lune|lune|v
fu|fu2|v
echouchee|echouchee|v
##|##
,|,|v
paris|paris1|v
et|et|v
sa|sa|v
conpaignie|conpaignie|v
##|##
s’|s’1|v
armerent|armerent|v
et|et|v
se|se1|v
mistrent|mistrent|v
##|##
à|à|v
la|la|v
voie|voie|v
bien|bien4|v
et|et|v
##|##
ordeneement|ordeneement|v
et|et|v
à_celee|à_celee|v
,|,|v
et|et|v
##|##
s’|s’1|v
en|en|v
alerent|alerent1|v
droit|droit|v
au|au|v
##|##
tenple|tenple1|v
là_où|là_où|v
cels|cels|v
dou|dou|v
païs|païs|v
##|##
veillerent|veillerent|v
tos|tos7|v
,|,|v
si|si|v
fesoient|fesoient|v
##|##
moult|moult|v
noise|noise|v
et|et|v
grant|grant1|v
soulaz|soulaz|v
##|##
.|.|v
l’|l’1|v
autre|autre4|v
gent|gent|v
qi|qi|v
##|##
estoient|estoient1|v
en|en|v
la|la|v
cité|cité|v
dormorent|dormorent|v
##|##
tos|tos4|v
car|car|v
nen|nen|v
avoient|avoient|v
paor|paor|v
##|##
ni|ni|v
regart|regart|v
nuls|nuls1|v
por_ce_qe|por_ce_qe|v
seürs|seürs|v
##|##
cuidoient|cuidoient|v
estre|estre3|v
,|,|v
mes|mes|v
nen|nen|v
##|##
estoient|estoient|v
mie|mie|v
car|car|v
adonc|adonc|v
avint|avint|v
##|##
il|il2|v
ce|ce|v
por|por|v
qoi|qoi|v
il|il1|v
##|##
orent|orent|v
moult|moult|v
grant|grant1|v
destorbier|destorbier|v
,|,|v
##|##
et|et|v
puis_aprés|puis_aprés|v
en|en|v
vint|vint|v
moult|moult|v
##|##
grant|grant4|v
destrutions|destrutions|v
por_ce_qe|por_ce_qe|v
enluec|enluec|v
fu|fu1|v
##|##
fait|fait2|v
à_cele_fois|à_cele_fois|v
.|.|v
coment|coment|v
il|il1|v
##|##
rouberent|rouberent|v
le|le|v
tenple|tenple1|v
et|et|v
priserent|priserent|v
##|##
dame|dame|v
heleine|heleine|v
et|et|v
moult_de|moult_de|v
l’|l’1|v
##|##
autre|autre4|v
gent|gent|v
tant|tant|v
alerent|alerent|v
les|les|v
##|##
troiez|troiez|v
en_tel_mainiere_q’|en_tel_mainiere_q’|v
il|il1|v
vindrent|vindrent|v
au|au|v
##|##
temple|temple1|v
;|;|v
et|et|v
quant|quant|v
il|il1|v
furent|furent1|v
##|##
venus|venus1|v
,|,|v
il|il1|v
sonerent|sonerent|v
tot_maintenant|tot_maintenant|v
##|##
un|un|v
gresle|gresle|v
si_com|si_com|v
il|il1|v
avoient|avoient1|v
##|##
establi|establi|v
.|.|v
à|à|v
celui|celui1|v
son|son3|v
##|##
mist|mist|v
ciascun|ciascun|v
main|main|v
à|à|v
l’|l’1|v
##|##
espee|espee|v
et|et|v
la|la1|v
traïst|traïst|v
hors|hors|v
##|##
dou|dou|v
frore|frore|v
,|,|v
puis|puis|v
corurent|corurent|v
##|##
sus|sus|v
à|à|v
cele|cele|v
gent|gent|v
et|et|v
##|##
les|les4|v
ferirent|ferirent|v
des|des2|v
espees|espees|v
et|et|v
##|##
les|les4|v
ocistrent|ocistrent1|v
et|et|v
detrencherent|detrencherent1|v
en_poi_d’|en_poi_d’|v
##|##
ore|ore1|v
à|à|v
tot|tot7|v
lor|lor2|v
volontés|volontés1|v
##|##
.|.|v
dame|dame|v
heleine|heleine|v
,|,|v
la|la|v
##|##
belle|belle|v
dame|dame|v
et|et|v
la|la|v
saje|saje3|v
##|##
,|,|v
pristrent|pristrent|v
il|il1|v
qi|qi|v
ne|ne|v
##|##
se|se|v
fist|fist1|v
faire|faire|v
mie|mie|v
guere|guere|v
##|##
force|force|v
;|;|v
des|des1|v
autrees|autrees|v
gens|gens|v
lierent|lierent|v
##|##
tant_com|tant_com|v
il|il1|v
vostrent|vostrent1|v
.|.|v
il|il1|v
##|##
pristrent|pristrent|v
avec|avec|v
dame|dame|v
heleine|heleine|v
maintes|maintes3|v
##|##
dames|dames|v
et|et|v
damoiseles|damoiseles1|v
de|de|v
haut|haut|v
##|##
paraje|paraje|v
q’|q’|v
il|il1|v
enmenerent|enmenerent|v
ho|ho|v
##|##
els|els1|v
.|.|v
cels|cels|v
qe|qe|v
si|si|v
##|##
soudainement|soudainement|v
furent|furent2|v
asaillis|asaillis1|v
furent|furent4|v
si|si|v
##|##
esbaïs|esbaïs1|v
qi|qi1|v
ne|ne|v
sorent|sorent|v
consoil|consoil1|v
##|##
prendre|prendre|v
,|,|v
defendre|defendre1|v
ni|ni|v
garentir|garentir|v
##|##
;|;|v
por_ce|por_ce|v
furent|furent2|v
il|il1|v
lïés|lïés|v
trois|trois|v
##|##
à|à|v
trois|trois|v
.|.|v
moult|moult|v
horent|horent1|v
##|##
les|les|v
troienz|troienz2|v
tost|tost|v
roubés|roubés2|v
le|le|v
##|##
tenple|tenple1|v
de|de|v
l’|l’|v
or|or1|v
et|et|v
##|##
de|de|v
l’|l’|v
argent|argent|v
et|et|v
de|de|v
##|##
tos|tos1|v
les|les|v
autres|autres2|v
ahornement|ahornement1|v
qi|qi2|v
##|##
moult|moult|v
i|i|v
troverent|troverent|v
à|à|v
grant|grant4|v
##|##
abondance|abondance|v
:|:|v
tant|tant|v
i|i|v
troverent|troverent|v
grant|grant4|v
##|##
richesse|richesse|v
q’|q’1|v
il|il1|v
ne|ne|v
porent|porent1|v
##|##
toute|toute|v
porter|porter|v
à|à|v
celui|celui1|v
point|point1|v
##|##
.|.|v
la|la|v
criee|criee|v
estoit|estoit1|v
moult|moult|v
##|##
grant|grant4|v
qe|qe1|v
les|les|v
gresois|gresois2|v
fesoient|fesoient|v
##|##
por_ce_qe|por_ce_qe|v
navrés|navrés|v
et|et|v
mors|mors2|v
et|et|v
##|##
detrenchés|detrenchés|v
estoient|estoient3|v
moult|moult|v
dolereusement|dolereusement|v
.|.|v
##|##
si|si|v
vos|vos|v
di|di|v
qe|qe3|v
moult|moult|v
##|##
estoit|estoit3|v
bien|bien4|v
avenus|avenus|v
adonc|adonc|v
as|as|v
##|##
troienz|troienz1|v
ce|ce2|v
ne|ne|v
fust|fust5|v
ce_qe|ce_qe|v
##|##
sor|sor|v
le|le|v
port|port|v
avoit|avoit1|v
un|un|v
##|##
chastel|chastel1|v
q’|q’2|v
eslee|eslee|v
avoit|avoit|v
non|non2|v
##|##
.|.|v
en|en|v
celui|celui1|v
chastel|chastel|v
avoit|avoit1|v
##|##
bone|bone|v
gent|gent|v
et|et|v
vaillant|vaillant|v
et|et|v
##|##
saje|saje3|v
et|et|v
,|,|v
quant|quant|v
il|il1|v
##|##
hoïrent|hoïrent|v
le|le|v
cri|cri1|v
,|,|v
il|il1|v
##|##
corirent|corirent1|v
tot_maintenant|tot_maintenant|v
à|à|v
lor|lor5|v
armes|armes|v
##|##
,|,|v
si|si|v
furent|furent4|v
moult|moult|v
tost|tost|v
##|##
armés|armés2|v
et|et|v
mis|mis6|v
à|à|v
la|la|v
##|##
voie|voie|v
vers|vers|v
la|la|v
citee|citee|v
.|.|v
##|##
si|si|v
avoient|avoient|v
ho|ho|v
els|els1|v
moult|moult|v
##|##
grant|grant1|v
luminaire|luminaire|v
de|de|v
scandoiles|scandoiles|v
et|et|v
##|##
de|de|v
blandons|blandons|v
,|,|v
dou|dou|v
qels|qels|v
##|##
i|i|v
veoient|veoient|v
moult|moult|v
clerement|clerement|v
.|.|v
##|##
et|et|v
ensi|ensi|v
alant|alant|v
vers|vers|v
la|la|v
##|##
criee|criee|v
,|,|v
encontrerent|encontrerent|v
les|les|v
troienz|troienz1|v
##|##
qi|qi|v
venoient|venoient|v
chargés|chargés|v
dou|dou|v
tresor|tresor|v
##|##
et|et|v
de|de|v
l’|l’|v
avoir|avoir1|v
et|et|v
##|##
menoient|menoient|v
avec|avec|v
els|els1|v
moult_de|moult_de|v
prisoniers|prisoniers|v
##|##
ausi|ausi|v
lïés|lïés1|v
qi|qi|v
crioient|crioient|v
et|et|v
##|##
braoient|braoient|v
.|.|v
et|et|v
quant|quant|v
il|il1|v
##|##
les|les4|v
virent|virent|v
ensi|ensi|v
aler|aler|v
,|,|v
##|##
il|il1|v
ne|ne|v
firent|firent|v
nuls|nuls1|v
delaiement|delaiement1|v
##|##
,|,|v
ains|ains|v
se|se1|v
ferirent|ferirent1|v
entr’|entr’|v
##|##
elx|elx|v
,|,|v
si|si|v
comencerent|comencerent|v
à|à|v
##|##
ferir|ferir1|v
et|et|v
à|à|v
doner|doner|v
d’|d’|v
##|##
espees|espees|v
et|et|v
de|de|v
lances|lances|v
et|et|v
##|##
de|de|v
cugnees|cugnees|v
et|et|v
de|de|v
gusarmes|gusarmes|v
##|##
moult|moult|v
grant|grant4|v
coux|coux|v
.|.|v
si|si|v
##|##
vos|vos|v
di|di|v
qe|qe3|v
,|,|v
se|se2|v
##|##
les|les|v
troienz|troienz2|v
ne|ne|v
fussent|fussent1|v
si|si|v
##|##
bien|bien4|v
armés|armés|v
com|com|v
il|il1|v
estoient|estoient|v
##|##
,|,|v
jamés|jamés|v
ne|ne|v
fussent|fussent2|v
à|à|v
##|##
troie|troie|v
repairés|repairés1|v
.|.|v
coment|coment|v
les|les|v
##|##
troienz|troienz2|v
furent|furent2|v
asaillis|asaillis1|v
et|et|v
moult|moult|v
##|##
conbatus|conbatus|v
qant|qant|v
il|il1|v
repairoient|repairoient|v
à|à|v
##|##
lor|lor5|v
nes|nes1|v
à|à|v
els|els1|v
dou|dou|v
##|##
chastel|chastel|v
les|les4|v
hont|hont|v
si|si|v
fort|fort|v
##|##
chargés|chargés1|v
et|et|v
maumis|maumis1|v
qe|qe3|v
à_poi_q’|à_poi_q’|v
##|##
il|il1|v
ne|ne|v
li|li4|v
mistrent|mistrent|v
à|à|v
##|##
desconfiture|desconfiture|v
car|car|v
il|il1|v
le|le5|v
troverent|troverent|v
##|##
tos|tos1|v
chargés|chargés|v
de|de|v
l’|l’|v
avoir|avoir1|v
##|##
et|et|v
dou|dou|v
tresor|tresor|v
q’|q’|v
il|il1|v
##|##
avoient|avoient1|v
pris|pris1|v
.|.|v
si|si|v
vos|vos|v
##|##
di|di|v
qe|qe3|v
lor|lor4|v
besoignoit|besoignoit|v
moult|moult|v
##|##
bien|bien4|v
qe|qe3|v
lor|lor5|v
nes|nes1|v
fussent|fussent3|v
##|##
si|si|v
près|près|v
com|com|v
elle|elle1|v
estoient|estoient1|v
##|##
por_ce_qe|por_ce_qe|v
à|à|v
moult|moult|v
grant|grant4|v
poine|poine|v
##|##
i|i|v
chargerent|chargerent|v
l’|l’|v
avoir|avoir1|v
et|et|v
##|##
les|les|v
prisons|prisons|v
.|.|v
si|si|v
en|en|v
##|##
i|i|v
ot|ot2|v
avant|avant|v
asés_de|asés_de|v
mors|mors3|v
##|##
.|.|v
quant|quant|v
il|il1|v
orent|orent1|v
chargee|chargee|v
##|##
la|la|v
roube|roube|v
et|et|v
les|les|v
presoniers|presoniers|v
##|##
,|,|v
il|il1|v
retornerent|retornerent|v
sor|sor|v
les|les|v
##|##
gresois|gresois1|v
,|,|v
les|les|v
escus|escus|v
pris|pris4|v
##|##
et|et|v
les|les1|v
espees|espees|v
traites|traites|v
,|,|v
##|##
si|si|v
lor|lor4|v
dounerent|dounerent|v
moult|moult|v
grant|grant4|v
##|##
coux|coux|v
et|et|v
les|les4|v
hocistrent|hocistrent|v
et|et|v
##|##
detrencherent|detrencherent1|v
,|,|v
neis|neis|v
de|de|v
lor|lor4|v
##|##
meïsmes|meïsmes6|v
hocïoient|hocïoient|v
il|il1|v
por|por|v
la|la|v
##|##
escurtés|escurtés|v
de|de|v
la|la|v
nuit|nuit|v
qi|qi|v
##|##
ne|ne|v
·s|·s|v
connoisoient|connoisoient|v
.|.|v
à_la_fin|à_la_fin|v
##|##
furent|furent2|v
les|les|v
gresois|gresois2|v
dou|dou|v
chastel|chastel|v
##|##
desconfis|desconfis|v
et|et|v
hocis|hocis1|v
et|et|v
pris|pris6|v
##|##
,|,|v
si|si|v
se|se1|v
mistrent|mistrent|v
en|en|v
##|##
fuie|fuie|v
vers|vers|v
la|la|v
forteresse|forteresse|v
dou|dou|v
##|##
chastel|chastel|v
desconfis|desconfis1|v
et|et|v
hocis|hocis|v
et|et|v
##|##
pris|pris4|v
,|,|v
si|si|v
se|se1|v
mistrent|mistrent|v
##|##
de_denz|de_denz|v
le|le|v
chastel|chastel|v
et|et|v
cloistrent|cloistrent|v
##|##
les|les1|v
portes|portes|v
.|.|v
coment|coment|v
les|les|v
##|##
troiens|troiens|v
se|se1|v
recoillirent|recoillirent|v
desus|desus1|v
lor|lor5|v
##|##
nes|nes1|v
quant|quant|v
la|la|v
desconfiture|desconfiture|v
fu|fu1|v
##|##
ensi|ensi|v
fete|fete|v
,|,|v
les|les|v
troiens|troiens|v
##|##
se|se1|v
recoillirent|recoillirent|v
tot|tot5|v
sor|sor|v
lor|lor5|v
##|##
nes|nes1|v
,|,|v
fors|fors|v
le|le1|v
mors|mors3|v
##|##
qi|qi|v
asés|asés|v
en|en|v
remestrent|remestrent|v
en|en|v
##|##
la|la|v
contree|contree|v
,|,|v
qi|qi|v
ne|ne|v
##|##
retornerent|retornerent|v
à|à|v
troie|troie|v
jamés|jamés|v
,|,|v
##|##
de|de|v
qoi|qoi|v
lor|lor7|v
amis|amis2|v
plorerent|plorerent|v
##|##
et|et|v
plaignirent|plaignirent|v
lonc|lonc|v
tenz|tenz|v
aprés|aprés1|v
##|##
.|.|v
et|et|v
quant|quant|v
il|il1|v
furent|furent2|v
##|##
ensi|ensi|v
recoillis|recoillis1|v
,|,|v
il|il1|v
demorerent|demorerent|v
##|##
au|au|v
port|port|v
jusque|jusque|v
la|la|v
maitinee|maitinee|v
##|##
,|,|v
puis|puis|v
se|se1|v
mistrent|mistrent|v
à|à|v
##|##
la|la|v
voie|voie|v
car|car|v
li|li|v
tens|tens|v
##|##
estoit|estoit1|v
doux|doux|v
et|et|v
soëf|soëf|v
et|et|v
##|##
l’|l’|v
air|air1|v
estoit|estoit1|v
cler|cler|v
et|et|v
##|##
serin|serin|v
.|.|v
celui|celui1|v
jor|jor|v
nagerent|nagerent|v
##|##
jusque|jusque|v
soir|soir|v
fu|fu2|v
venus|venus|v
,|,|v
##|##
li|li|v
vent|vent1|v
baisa|baisa1|v
et|et|v
la|la|v
##|##
mer|mer|v
fu|fu|v
qoie|qoie|v
et|et|v
soëf|soëf1|v
##|##
.|.|v
il|il1|v
estoient|estoient1|v
en|en|v
moult|moult|v
##|##
grant|grant1|v
talent|talent|v
d’|d’|v
aler|aler|v
en|en|v
##|##
lor|lor1|v
païs|païs|v
,|,|v
por_ce|por_ce|v
prioient|prioient|v
##|##
tot|tot1|v
les|les|v
diex|diex|v
qi|qi|v
lor|lor4|v
##|##
donassent|donassent|v
bon|bon1|v
vent|vent|v
et|et|v
droiturier|droiturier|v
##|##
q’|q’1|v
il|il1|v
peüssent|peüssent|v
tost|tost|v
aler|aler|v
##|##
.|.|v
qe|qe2|v
vos|vos|v
doi|doi1|v
dire|dire|v
##|##
?|?|v
il|il1|v
nagerent|nagerent|v
tant|tant|v
as|as|v
estoilles|estoilles|v
##|##
et|et|v
au|au|v
soleil|soleil|v
q’|q’1|v
il|il1|v
##|##
ariverent|ariverent|v
avant|avant1|v
le|le1|v
set|set1|v
jors|jors|v
##|##
en|en|v
lor|lor2|v
contree|contree|v
.|.|v
ce|ce|v
##|##
fu|fu3|v
à|à|v
un|un|v
chastel|chastel|v
qi|qi|v
##|##
ert|ert|v
apellés|apellés|v
atenedon|atenedon|v
,|,|v
qi|qi|v
##|##
estoit|estoit|v
près_de|près_de|v
troie|troie|v
à|à|v
sis|sis|v
##|##
liues|liues|v
.|.|v
li|li|v
chastel|chastel1|v
estoit|estoit1|v
##|##
moult|moult|v
bel|bel|v
et|et|v
moult|moult|v
riche|riche2|v
##|##
et|et|v
delitable|delitable|v
,|,|v
si|si|v
i|i|v
##|##
demorerent|demorerent|v
cele|cele|v
nuit|nuit|v
moult|moult|v
haisiement|haisiement|v
##|##
.|.|v
maintenant|maintenant|v
prist|prist|v
paris|paris1|v
un|un|v
##|##
sien|sien|v
mesaje|mesaje1|v
,|,|v
si|si|v
l’|l’5|v
##|##
envoia|envoia|v
à|à|v
troie|troie|v
por|por|v
fere|fere|v
##|##
savoir|savoir1|v
au|au|v
roi|roi1|v
coment|coment|v
il|il|v
##|##
estoit|estoit3|v
arivés|arivés2|v
.|.|v
li|li|v
mesaje|mesaje|v
##|##
se|se|v
mist|mist|v
à|à|v
la|la|v
voie|voie|v
##|##
et|et|v
tant|tant|v
fist|fist|v
q’|q’1|v
il|il|v
##|##
vint|vint|v
devant|devant1|v
le|le|v
roi|roi1|v
et|et|v
##|##
li|li2|v
conta|conta|v
coment|coment|v
paris|paris1|v
et|et|v
##|##
sa|sa|v
conpaignie|conpaignie|v
estoient|estoient2|v
arivés|arivés3|v
à|à|v
##|##
atenedon|atenedon1|v
,|,|v
et|et|v
coment|coment|v
il|il1|v
##|##
avoient|avoient1|v
en|en|v
grese|grese|v
esploitiés|esploitiés|v
,|,|v
##|##
et|et|v
le|le|v
grant|grant1|v
gaaing|gaaing|v
et|et|v
##|##
la|la|v
grant|grant4|v
proie|proie|v
qu’|qu’|v
il|il1|v
##|##
avoient|avoient1|v
coillie|coillie|v
,|,|v
et|et|v
coment|coment|v
##|##
il|il1|v
avoient|avoient1|v
dame|dame|v
heleine|heleine|v
amenee|amenee|v
##|##
qi|qi|v
estoit|estoit1|v
fille|fille|v
au|au|v
roi|roi1|v
##|##
menelaus|menelaus|v
.|.|v
quant|quant|v
les|les|v
rois|rois|v
##|##
et|et|v
les|les|v
autres|autres1|v
barons|barons2|v
hoïrent|hoïrent|v
##|##
les|les1|v
novelles|novelles|v
,|,|v
il|il1|v
en|en|v
##|##
furent|furent4|v
moult|moult|v
aleigre|aleigre2|v
et|et|v
joieus|joieus|v
##|##
,|,|v
mes|mes|v
je|je|v
vos|vos|v
di|di|v
##|##
qe|qe3|v
cele|cele|v
grant|grant4|v
alegresse|alegresse|v
lor|lor4|v
##|##
retorna|retorna|v
puis|puis|v
en|en|v
grant|grant4|v
tristor|tristor|v
##|##
car|car|v
tels|tels|v
en|en|v
firent|firent|v
grant|grant4|v
##|##
joie|joie|v
qi|qi|v
en|en|v
furent|furent4|v
tristes|tristes|v
##|##
et|et|v
corrociéz|corrociéz3|v
à|à|v
desmesure|desmesure|v
.|.|v
##|##
ci|ci|v
dit|dit|v
coment|coment|v
dame|dame|v
helene|helene|v
##|##
se|se|v
demente|demente|v
et|et|v
se|se|v
plaint|plaint|v
##|##
ho|ho|v
les|les1|v
autres|autres3|v
dames|dames|v
et|et|v
##|##
damoiselles|damoiselles|v
qui|qui|v
avec|avec|v
li|li3|v
estoient|estoient3|v
##|##
prise|prise|v
ensi_com|ensi_com|v
je|je|v
vos|vos|v
ai|ai1|v
##|##
dit|dit4|v
,|,|v
s’|s’1|v
erbergerent|erbergerent|v
les|les|v
##|##
troienz|troienz2|v
cele|cele|v
nuit|nuit|v
à|à|v
atendon|atendon|v
##|##
.|.|v
quant|quant|v
dame|dame|v
heleine|heleine|v
se|se|v
##|##
vit|vit|v
arivee|arivee|v
en|en|v
estrange|estrange|v
contree|contree|v
##|##
et|et|v
loins|loins|v
de|de|v
son|son1|v
païs|païs|v
##|##
,|,|v
si|si|v
se|se|v
comensa|comensa|v
moult|moult|v
##|##
à|à|v
plaindre|plaindre|v
et|et|v
à|à|v
demencer|demencer|v
##|##
en_tel_mainiere|en_tel_mainiere|v
:|:|v
elle|elle|v
plaignoit|plaignoit1|v
son|son1|v
seignor|seignor|v
##|##
menelax|menelax|v
,|,|v
q’|q’|v
elle|elle|v
avoit|avoit2|v
##|##
ensi|ensi|v
pardus|pardus|v
,|,|v
elle|elle|v
regretoit|regretoit|v
##|##
sa|sa|v
valor|valor|v
et|et|v
sa|sa|v
cortesie|cortesie|v
##|##
et|et|v
sa|sa|v
grant|grant4|v
bonté|bonté|v
;|;|v
puis_aprés|puis_aprés|v
##|##
plaignoit|plaignoit1|v
les|les1|v
autes|autes|v
dames|dames|v
et|et|v
##|##
damoiselles|damoiselles|v
de|de|v
son|son1|v
païs|païs|v
,|,|v
##|##
qu’|qu’|v
elle|elle|v
veoit|veoit|v
prises|prises|v
avec|avec|v
##|##
li|li3|v
et|et|v
menees|menees1|v
en|en|v
servaje|servaje|v
##|##
;|;|v
aprés|aprés1|v
plaignoit|plaignoit1|v
ses|ses|v
barons|barons3|v
et|et|v
##|##
ses|ses|v
chevaliers|chevaliers3|v
,|,|v
qu’|qu’|v
elle|elle|v
##|##
voit|voit|v
pris|pris4|v
et|et|v
liés|liés|v
;|;|v
ensement|ensement|v
##|##
plaignoit|plaignoit1|v
son|son1|v
païs|païs|v
et|et|v
sa|sa|v
##|##
contree|contree|v
,|,|v
qi|qi|v
ensi|ensi|v
estoit|estoit2|v
##|##
gastee|gastee|v
et|et|v
derobee|derobee|v
;|;|v
soi|soi|v
meïsmes|meïsmes4|v
##|##
plaignoit|plaignoit1|v
elle|elle|v
moult|moult|v
durement|durement|v
,|,|v
##|##
si|si|v
demencoit|demencoit|v
sa|sa|v
grant|grant4|v
biauté|biauté|v
##|##
et|et|v
sa|sa|v
grant|grant4|v
seignorie|seignorie|v
et|et|v
##|##
son|son1|v
grant|grant1|v
savoir|savoir|v
qi|qi|v
vait|vait|v
##|##
en|en|v
servaje|servaje|v
fenir|fenir|v
.|.|v
moult|moult|v
##|##
tenoit|tenoit|v
dame|dame|v
heleine|heleine|v
grant|grant1|v
duel|duel1|v
##|##
selonc_q’|selonc_q’|v
elle|elle|v
demonstroit|demonstroit|v
.|.|v
les|les1|v
##|##
dames|dames|v
et|et|v
les|les1|v
damoiselles|damoiselles|v
,|,|v
##|##
qi|qi|v
voient|voient|v
lor|lor2|v
dame|dame|v
qi|qi|v
##|##
tel|tel2|v
duel|duel1|v
demenoit|demenoit|v
,|,|v
ne|ne|v
##|##
demandoient|demandoient|v
se|se2|v
la|la|v
mort|mort|v
non|non|v
##|##
,|,|v
car|car|v
elle|elle1|v
voient|voient|v
lor|lor2|v
##|##
dame|dame|v
prise|prise2|v
et|et|v
mener|mener|v
en|en|v
##|##
servaje|servaje|v
fenir|fenir|v
.|.|v
moult|moult|v
demenoit|demenoit|v
##|##
dame|dame|v
heleine|heleine|v
grant|grant1|v
duel|duel1|v
selonc_q’|selonc_q’|v
##|##
elle|elle|v
demostroit|demostroit|v
.|.|v
les|les1|v
dames|dames|v
##|##
et|et|v
les|les1|v
damoiselles|damoiselles|v
qui|qui|v
voient|voient|v
##|##
lor|lor2|v
dame|dame|v
prise|prise2|v
et|et|v
mener|mener|v
##|##
en|en|v
servaje|servaje|v
,|,|v
et|et|v
lor|lor4|v
##|##
meïsmes|meïsmes9|v
ausi|ausi|v
;|;|v
aprés|aprés1|v
voient|voient|v
lor|lor1|v
##|##
pere|pere1|v
et|et|v
lor|lor2|v
mere|mere|v
et|et|v
##|##
lor|lor6|v
freres|freres1|v
et|et|v
lor|lor6|v
bairons|bairons3|v
##|##
et|et|v
lor|lor5|v
serors|serors|v
et|et|v
lor|lor6|v
##|##
amis|amis3|v
mener|mener|v
en|en|v
servaje|servaje|v
pris|pris4|v
##|##
et|et|v
lïés|lïés1|v
;|;|v
aprés|aprés|v
ce|ce1|v
voient|voient|v
##|##
le|le1|v
homes|homes1|v
qe|qe|v
lor|lor7|v
parens|parens|v
##|##
charnels|charnels1|v
estoient|estoient|v
ensi_com|ensi_com|v
dit|dit4|v
vos|vos|v
##|##
ai|ai1|v
elle|elle1|v
ne|ne|v
poient|poient1|v
parler|parler|v
##|##
,|,|v
por_ce_qe|por_ce_qe|v
paris|paris1|v
les|les4|v
avoit|avoit2|v
##|##
tos|tos1|v
fet|fet4|v
metre|metre|v
en|en|v
despart|despart|v
##|##
de|de|v
femes|femes|v
.|.|v
li|li|v
duel|duel|v
##|##
estoit|estoit1|v
mervoilleus|mervoilleus|v
et|et|v
pesmés|pesmés1|v
et|et|v
##|##
la|la|v
criee|criee|v
tel|tel6|v
qe|qe3|v
l_en|l_en|v
##|##
nen|nen|v
oïst|oïst|v
diex|diex2|v
tonant|tonant|v
.|.|v
##|##
quant|quant|v
paris|paris1|v
hoï|hoï2|v
conter|conter|v
la|la|v
##|##
vie|vie|v
qe|qe1|v
dame|dame|v
heleine|heleine|v
menoit|menoit|v
##|##
,|,|v
il|il|v
en|en|v
fu|fu|v
corrociéz|corrociéz1|v
##|##
moult|moult|v
estrangement|estrangement|v
.|.|v
il|il|v
ala|ala|v
##|##
à|à|v
li|li3|v
reconforter|reconforter|v
,|,|v
c’|c’|v
##|##
il|il|v
peüst|peüst|v
,|,|v
et|et|v
l’|l’4|v
##|##
oster|oster|v
-la|-la|v
de|de|v
son|son1|v
plor|plor|v
##|##
;|;|v
si|si|v
commensa|commensa|v
en_tel_mainiere|en_tel_mainiere|v
.|.|v
coment|coment|v
##|##
paris|paris1|v
ala|ala|v
reconforter|reconforter|v
dame|dame|v
heleine|heleine|v
##|##
et|et|v
les|les1|v
autres|autres3|v
dames|dames|v
"|"||v
##|##
dame|dame|v
,|,|v
fist|fist|v
il|il|v
,|,|v
##|##
qe|qe4|v
doit|doit|v
ce|ce|v
estre|estre2|v
qe|qe1|v
##|##
vos|vos1|v
fetes|fetes|v
?|?|v
volés|volés|v
vos|vos1|v
vos|vos|v
##|##
tuer|tuer|v
?|?|v
car|car|v
vostre|vostre|v
duel|duel|v
ne|ne|v
##|##
fine|fine|v
ni|ni|v
jor|jor|v
ni|ni|v
nuit|nuit|v
##|##
.|.|v
je|je|v
vos|vos|v
di|di|v
q’|q’1|v
##|##
il|il2|v
n’|n’|v
i|i|v
est|est|v
si|si|v
##|##
dur|dur|v
cuor|cuor1|v
qe|qe1|v
vos|vos1|v
ne|ne|v
##|##
feïsiéz|feïsiéz|v
plorer|plorer|v
de|de|v
pitez|pitez|v
.|.|v
##|##
ne|ne|v
fetes|fetes2|v
dame|dame|v
,|,|v
por|por|v
##|##
dieu|dieu1|v
!|!|v
reconforté|reconforté|v
vos|vos1|v
ni|ni|v
##|##
ne|ne|v
fetes|fetes2|v
tel|tel2|v
duel|duel1|v
!|!|v
##|##
"|"||v
.|.|v
puis_qe|puis_qe|v
paris|paris1|v
hot|hot|v
##|##
si|si|v
reconfortee|reconfortee|v
dame|dame|v
heleine|heleine|v
,|,|v
##|##
il|il|v
commensa|commensa|v
à|à|v
reconforter|reconforter|v
les|les1|v
##|##
autres|autres3|v
dames|dames|v
et|et|v
damoiseles|damoiseles1|v
,|,|v
##|##
si|si|v
lor|lor4|v
dist|dist|v
:|:|v
"|"||v
vos|vos1|v
##|##
qe|qe|v
ensi|ensi|v
est|est6|v
desconfortees|desconfortees|v
,|,|v
##|##
ne|ne|v
menees|menees|v
tel|tel2|v
duel|duel1|v
ne|ne|v
##|##
ne|ne|v
vos|vos|v
desconfortés|desconfortés|v
si|si|v
durement|durement|v
##|##
,|,|v
car|car|v
je|je|v
vos|vos|v
promet|promet|v
##|##
loialment|loialment|v
qe|qe3|v
vos|vos1|v
demoirés|demoirés|v
en|en|v
##|##
cestui|cestui3|v
païs|païs|v
plus|plus|v
aisieement|aisieement|v
et|et|v
##|##
miels|miels|v
qe|qe3|v
en|en|v
celui|celui3|v
où|où|v
##|##
vos|vos1|v
fustes|fustes1|v
nees|nees|v
,|,|v
et|et|v
##|##
plus|plus|v
i|i|v
avrés|avrés1|v
de|de|v
joie|joie|v
##|##
et|et|v
de|de|v
soulaz|soulaz|v
et|et|v
de|de|v
##|##
desduit|desduit|v
.|.|v
car|car|v
je|je|v
vos|vos|v
##|##
di|di|v
qe|qe3|v
celle|celle1|v
qi|qi|v
avront|avront|v
##|##
lor|lor6|v
maris|maris|v
en|en|v
cestui|cestui3|v
païs|païs|v
##|##
poiront|poiront|v
demorer|demorer|v
o|o|v
els|els1|v
à|à|v
##|##
grant|grant1|v
soulaz|soulaz|v
et|et|v
à|à|v
grant|grant4|v
##|##
joie|joie|v
;|;|v
celle|celle1|v
qe|qe|v
maris|maris|v
nen|nen|v
##|##
avront|avront|v
,|,|v
poiront|poiront|v
lor|lor6|v
amis|amis3|v
##|##
avoir|avoir|v
et|et|v
estre|estre2|v
ho|ho|v
els|els1|v
##|##
sans|sans|v
contredit|contredit|v
;|;|v
celle|celle1|v
qi|qi|v
nen|nen|v
##|##
avront|avront|v
barons|barons1|v
ne|ne|v
amis|amis3|v
,|,|v
##|##
le|le5|v
poiront|poiront|v
prendre|prendre|v
à|à|v
tot|tot3|v
##|##
lor|lor1|v
voloir|voloir|v
et|et|v
estre|estre2|v
ho|ho|v
##|##
els|els1|v
à|à|v
moult|moult|v
grant|grant4|v
joie|joie|v
##|##
et|et|v
à|à|v
grant|grant1|v
soulaz|soulaz|v
"|"||v
##|##
.|.|v
quant|quant|v
il|il|v
ot|ot1|v
ensi|ensi|v
##|##
parlés|parlés|v
à|à|v
les|les1|v
dames|dames|v
et|et|v
##|##
à|à|v
les|les1|v
damoiselles|damoiselles|v
,|,|v
si|si|v
##|##
prist|prist|v
dame|dame|v
heleine|heleine|v
por|por|v
la|la|v
##|##
main|main|v
,|,|v
si|si|v
l’|l’4|v
enmena|enmena|v
##|##
de_sor|de_sor|v
un|un|v
riche|riche3|v
lit|lit1|v
por|por|v
##|##
li|li3|v
reconforter|reconforter|v
,|,|v
puis|puis|v
la|la1|v
##|##
mist|mist|v
à|à|v
paroules|paroules|v
et|et|v
li|li3|v
##|##
dist|dist|v
en_tel_mainiere|en_tel_mainiere|v
:|:|v
"|"||v
dame|dame|v
,|,|v
##|##
fist|fist|v
il|il|v
,|,|v
je|je|v
vos|vos|v
##|##
fais|fais|v
à|à|v
savoir|savoir1|v
qe|qe3|v
je|je|v
##|##
vos|vos|v
aime|aime|v
sor|sor|v
toutes|toutes|v
rienz|rienz2|v
##|##
vivant|vivant|v
et|et|v
vos|vos|v
tieng|tieng|v
chiere|chiere1|v
##|##
,|,|v
et|et|v
ensi|ensi|v
vos|vos|v
amerai|amerai|v
##|##
et|et|v
cherirai|cherirai1|v
tot|tot1|v
le|le1|v
jors|jors|v
##|##
de|de|v
ma|ma|v
vie|vie|v
.|.|v
si|si|v
##|##
vos|vos|v
esposerai|esposerai|v
à|à|v
grant|grant1|v
henor|henor|v
##|##
et|et|v
à|à|v
grant|grant4|v
joie|joie|v
;|;|v
si|si|v
##|##
vos|vos|v
di|di|v
qe|qe3|v
de|de|v
vostre|vostre2|v
##|##
venue|venue|v
fera|fera|v
feste|feste|v
et|et|v
joie|joie|v
##|##
tot|tot|v
l’|l’|v
enpire|enpire1|v
mon|mon1|v
pere|pere1|v
##|##
,|,|v
qe|qe3|v
je|je|v
vos|vos|v
aime|aime|v
##|##
ensi|ensi|v
veraiement|veraiement|v
com|com|v
je|je|v
fas|fas|v
##|##
.|.|v
aprés|aprés1|v
,|,|v
chere|chere|v
dame|dame|v
##|##
,|,|v
vos|vos|v
fais|fais|v
savoir|savoir1|v
qe|qe3|v
##|##
vos|vos1|v
serés|serés1|v
en|en|v
cestui|cestui3|v
enpire|enpire|v
##|##
cherie|cherie|v
et|et|v
hobeïe|hobeïe|v
et|et|v
servie|servie|v
##|##
et|et|v
honoree|honoree|v
ensi_come|ensi_come|v
aute|aute|v
roine|roine|v
##|##
:|:|v
tos|tos4|v
vos|vos|v
hobeïront|hobeïront|v
et|et|v
serviront|serviront|v
##|##
"|"||v
.|.|v
quant|quant|v
la|la|v
dame|dame|v
##|##
hot|hot3|v
ensi|ensi|v
paris|paris|v
parler|parler|v
,|,|v
##|##
elle|elle|v
li|li2|v
respondi|respondi|v
en_tel_mainiere|en_tel_mainiere|v
:|:|v
"|"||v
##|##
biau|biau|v
sire|sire|v
paris|paris1|v
,|,|v
je|je|v
##|##
voi|voi|v
bien|bien4|v
qe|qe3|v
à|à|v
vos|vos|v
##|##
ne|ne|v
me|me|v
poroie|poroie|v
je|je|v
defendre|defendre|v
##|##
,|,|v
et|et|v
por_ce|por_ce|v
me|me|v
convient|convient|v
##|##
il|il2|v
vostre|vostre2|v
volonté|volonté|v
hobeir|hobeir|v
et|et|v
##|##
fer|fer1|v
.|.|v
si|si|v
vos|vos|v
di|di|v
##|##
qe|qe3|v
,|,|v
se|se2|v
vos|vos|v
me|me|v
##|##
porterés|porterés|v
henor|henor|v
et|et|v
foi|foi|v
,|,|v
##|##
ce|ce|v
sera|sera3|v
vostre|vostre|v
grant|grant|v
henor|henor2|v
##|##
,|,|v
aprés|aprés1|v
ferés|ferés|v
grant|grant4|v
pitiez|pitiez|v
##|##
"|"||v
.|.|v
et|et|v
ensi|ensi|v
disant|disant|v
##|##
,|,|v
comensa|comensa|v
dame|dame|v
heleine|heleine|v
fort|fort|v
##|##
à|à|v
plorer|plorer|v
.|.|v
paris|paris1|v
la|la1|v
##|##
reconforta|reconforta|v
moult|moult|v
,|,|v
si|si|v
vos|vos|v
##|##
di|di|v
qe|qe3|v
moult|moult|v
la|la1|v
fist|fist1|v
##|##
la|la|v
nuit|nuit|v
honorer|honorer|v
et|et|v
servir|servir|v
##|##
.|.|v
coment|coment|v
menelax|menelax1|v
sot|sot1|v
qe|qe3|v
##|##
paris|paris1|v
li|li2|v
avoit|avoit2|v
sa|sa|v
feme|feme|v
##|##
tollue|tollue|v
la|la|v
novelle|novelle|v
fu|fu1|v
tost|tost|v
##|##
espandue|espandue|v
par|par|v
le|le|v
monde|monde1|v
si_come|si_come|v
##|##
paris|paris1|v
avoit|avoit2|v
le|le|v
tenple|tenple1|v
blisiéz|blisiéz|v
##|##
et|et|v
robés|robés|v
et|et|v
pris|pris5|v
les|les|v
##|##
homes|homes1|v
et|et|v
les|les1|v
femes|femes|v
et|et|v
##|##
hocis|hocis2|v
et|et|v
detrenchés|detrenchés2|v
.|.|v
et|et|v
##|##
avec|avec|v
ce|ce1|v
n’|n’1|v
avoit|avoit2|v
il|il|v
##|##
dame|dame|v
heleine|heleine|v
amenee|amenee|v
à|à|v
troie|troie|v
##|##
;|;|v
si|si|v
li|li2|v
fu|fu1|v
contés|contés1|v
q’|q’1|v
##|##
il|il|v
pooit|pooit2|v
ja|ja|v
estre|estre4|v
à|à|v
##|##
troie|troie|v
arivés|arivés2|v
.|.|v
quant|quant|v
menelax|menelax1|v
##|##
sot|sot|v
ceste|ceste1|v
novelle|novelle|v
,|,|v
il|il|v
##|##
en|en|v
fu|fu|v
moult|moult|v
doulenz|doulenz|v
et|et|v
##|##
tristes|tristes1|v
et|et|v
corrociéz|corrociéz1|v
.|.|v
il|il|v
##|##
torna|torna1|v
tot_maintenant|tot_maintenant|v
à|à|v
parches|parches|v
et|et|v
##|##
mena|mena|v
ho|ho|v
lui|lui|v
nestor|nestor|v
.|.|v
##|##
celui|celui|v
nestor|nestor1|v
estoit|estoit1|v
moult|moult|v
ami|ami|v
##|##
de|de|v
menelax|menelax|v
,|,|v
il|il|v
estoit|estoit1|v
##|##
moult|moult|v
riche|riche2|v
roi|roi|v
et|et|v
saje|saje|v
##|##
et|et|v
vaillant|vaillant|v
et|et|v
puissant|puissant|v
d’|d’|v
##|##
avoir|avoir1|v
et|et|v
de|de|v
chevaliers|chevaliers3|v
à|à|v
##|##
grant|grant4|v
mervoille|mervoille|v
;|;|v
de|de|v
son|son1|v
cors|cors|v
##|##
estoit|estoit1|v
il|il|v
mervoilleus|mervoilleus|v
chevaliers|chevaliers2|v
.|.|v
##|##
quant|quant|v
il|il1|v
furent|furent1|v
à|à|v
parches|parches|v
##|##
venus|venus1|v
,|,|v
il|il1|v
demanderent|demanderent1|v
à|à|v
##|##
qerre|qerre|v
agamenon|agamenon1|v
,|,|v
qe|qe|v
frere|frere|v
##|##
menelax|menelax|v
estoit|estoit1|v
,|,|v
q’|q’1|v
il|il|v
##|##
deüst|deüst|v
venir|venir|v
à|à|v
parche|parche|v
.|.|v
##|##
coment|coment|v
paris|paris1|v
s’|s’|v
en|en|v
ala|ala1|v
##|##
à|à|v
troie|troie|v
ho|ho|v
tot|tot3|v
son|son1|v
##|##
gaaing|gaaing|v
,|,|v
et|et|v
coment|coment|v
le|le|v
##|##
roi|roi|v
priant|priant|v
le|le4|v
receve|receve|v
honoreement|honoreement|v
##|##
et|et|v
ses|ses2|v
gent|gent|v
aussi|aussi|v
paris|paris1|v
##|##
et|et|v
sa|sa|v
conpaignie|conpaignie|v
,|,|v
qi|qi|v
##|##
estoient|estoient3|v
à|à|v
atenedon|atenedon1|v
herbergés|herbergés|v
,|,|v
##|##
quant|quant|v
vint|vint|v
la|la|v
maitinee|maitinee|v
qe|qe3|v
##|##
le|le|v
jor|jor1|v
fu|fu2|v
esclaris|esclaris|v
,|,|v
##|##
li|li|v
tens|tens|v
fesoit|fesoit2|v
moult|moult|v
cler|cler|v
##|##
et|et|v
biaux|biaux|v
,|,|v
il|il1|v
deschargerent|deschargerent|v
##|##
de|de|v
lor|lor5|v
nes|nes1|v
la|la|v
proie|proie|v
##|##
et|et|v
le|le|v
tresor|tresor|v
et|et|v
les|les|v
##|##
presoniers|presoniers|v
q’|q’|v
il|il1|v
avoient|avoient1|v
amenés|amenés|v
##|##
,|,|v
puis|puis|v
monterent|monterent|v
sor|sor|v
lor|lor6|v
##|##
richez|richez|v
palefroins|palefroins|v
qu’|qu’|v
il|il1|v
troverent|troverent|v
##|##
en_luec|en_luec|v
aparoillés|aparoillés1|v
,|,|v
si|si|v
se|se1|v
##|##
mistrent|mistrent|v
à|à|v
la|la|v
voie|voie|v
.|.|v
##|##
si|si|v
chevaucherent|chevaucherent|v
vers|vers|v
la|la|v
cité|cité|v
##|##
à|à|v
moult|moult|v
grant|grant4|v
joie|joie|v
et|et|v
##|##
à|à|v
moult|moult|v
grant|grant1|v
soulas|soulas|v
.|.|v
##|##
paris|paris1|v
convooit|convooit|v
dame|dame|v
heleine|heleine|v
et|et|v
##|##
li|li3|v
fesoit|fesoit|v
moult|moult|v
grant|grant1|v
henor|henor|v
##|##
et|et|v
moult|moult|v
la|la1|v
reconfortoit|reconfortoit|v
;|;|v
les|les1|v
##|##
autres|autres3|v
dames|dames|v
et|et|v
li|li2|v
prisons|prisons|v
##|##
fait|fait3|v
il|il|v
moult|moult|v
bien|bien4|v
aconpaignier|aconpaignier|v
##|##
et|et|v
guier|guier|v
d’|d’|v
autre|autre4|v
part|part|v
##|##
.|.|v
quant|quant|v
li|li|v
roi|roi|v
priant|priant|v
##|##
sot|sot1|v
come|come|v
paris|paris1|v
venoit|venoit|v
,|,|v
##|##
il|il|v
monta|monta|v
maintenant|maintenant|v
ho|ho|v
bone|bone|v
##|##
conpaignie|conpaignie|v
et|et|v
grant|grant4|v
de|de|v
haus|haus|v
##|##
barons|barons3|v
,|,|v
si|si|v
hoïstrent|hoïstrent|v
de|de|v
##|##
troie|troie|v
à_l_encontre|à_l_encontre|v
d’|d’|v
els|els1|v
puis_qe|puis_qe1|v
##|##
trois|trois|v
lieues|lieues|v
.|.|v
et|et|v
puis_q’|puis_q’|v
##|##
il|il1|v
furent|furent1|v
ensenble|ensenble|v
venus|venus1|v
,|,|v
##|##
li|li|v
rois|rois3|v
et|et|v
ses|ses|v
conpaignons|conpaignons|v
##|##
firent|firent|v
à|à|v
paris|paris|v
grant|grant4|v
joie|joie|v
##|##
et|et|v
grant|grant4|v
feste|feste|v
.|.|v
paris|paris1|v
##|##
fist|fist1|v
au|au|v
roi|roi1|v
presenter|presenter|v
tot|tot1|v
##|##
les|les|v
presoniers|presoniers|v
et|et|v
tos|tos2|v
le|le|v
##|##
tresor|tresor|v
q’|q’|v
il|il1|v
avoient|avoient1|v
gaaignés|gaaignés|v
##|##
;|;|v
il|il|v
meïsmes|meïsmes|v
li|li2|v
presenta|presenta|v
aprés|aprés|v
##|##
dame|dame|v
heleine|heleine|v
,|,|v
qi|qi|v
de|de|v
##|##
biauté|biauté|v
pasoit|pasoit|v
toutes|toutes|v
le|le3|v
dames|dames|v
##|##
mortels|mortels1|v
.|.|v
et|et|v
quant|quant|v
li|li|v
##|##
roi|roi|v
hot|hot|v
le|le|v
present|present|v
receüz|receüz1|v
##|##
,|,|v
il|il|v
en|en|v
mercia|mercia|v
moult|moult|v
##|##
son|son1|v
fiz|fiz1|v
et|et|v
tot|tot1|v
les|les|v
##|##
autres|autres|v
.|.|v
paris|paris1|v
li|li2|v
conta|conta|v
##|##
tot_ensi_com|tot_ensi_com|v
il|il|v
hot|hot|v
esploitiéz|esploitiéz|v
en|en|v
##|##
grese|grese|v
,|,|v
car|car|v
il|il|v
li|li2|v
##|##
dist|dist|v
premierement|premierement|v
coment|coment|v
il|il|v
estoit|estoit3|v
##|##
arivéz|arivéz|v
,|,|v
et|et|v
coment|coment|v
il|il1|v
##|##
roberent|roberent|v
le|le|v
tenple|tenple1|v
et|et|v
le|le4|v
##|##
briserent|briserent|v
,|,|v
et|et|v
pristrent|pristrent|v
les|les|v
##|##
homes|homes1|v
et|et|v
les|les1|v
femes|femes|v
et|et|v
##|##
les|les|v
rent|rent1|v
mes|mes|v
avant|avant|v
en|en|v
##|##
ocistrent|ocistrent1|v
asés|asés|v
,|,|v
et|et|v
coment|coment|v
##|##
il|il1|v
pristrent|pristrent|v
tot|tot3|v
le|le|v
tresor|tresor|v
##|##
et|et|v
les|les1|v
richesses|richesses|v
q’|q’|v
il|il1|v
##|##
troverent|troverent|v
.|.|v
et|et|v
puis_aprés|puis_aprés|v
li|li2|v
##|##
conta|conta|v
coment|coment|v
il|il1|v
reparoient|reparoient|v
à|à|v
##|##
lor|lor5|v
nes|nes1|v
quant|quant|v
il|il1|v
furent|furent2|v
##|##
asaillis|asaillis1|v
au|au|v
chemin|chemin|v
por|por|v
les|les|v
##|##
gresois|gresois1|v
,|,|v
et|et|v
la|la|v
grant|grant4|v
##|##
desconfiture|desconfiture|v
qu’|qu’|v
il|il1|v
firent|firent|v
par|par|v
##|##
nuit|nuit|v
,|,|v
et|et|v
coment|coment|v
il|il1|v
##|##
chargerent|chargerent|v
de_sus|de_sus|v
lor|lor5|v
nes|nes1|v
l’|l’|v
##|##
avoir|avoir1|v
et|et|v
les|les|v
presoniers|presoniers|v
.|.|v
##|##
quant|quant|v
li|li|v
roi|roi|v
hot|hot|v
tot_ce|tot_ce1|v
##|##
entendus|entendus|v
,|,|v
il|il|v
en|en|v
fu|fu|v
##|##
moult|moult|v
liez|liez|v
et|et|v
joiant|joiant1|v
et|et|v
##|##
moult|moult|v
en|en|v
loa|loa|v
paris|paris|v
.|.|v
##|##
puis_aprés|puis_aprés|v
prist|prist|v
il|il|v
meïsmes|meïsmes|v
dame|dame|v
##|##
heleine|heleine|v
par|par|v
le|le|v
noel|noel|v
dou|dou|v
##|##
frain|frain|v
,|,|v
qi|qi|v
d’|d’|v
or|or1|v
##|##
estoit|estoit1|v
,|,|v
si|si|v
la|la1|v
condusoit|condusoit|v
##|##
il|il|v
tot|tot|v
seul|seul1|v
por|por|v
l’|l’|v
##|##
amor|amor2|v
son|son1|v
fiz|fiz1|v
;|;|v
si|si|v
li|li2|v
##|##
resenbloit|resenbloit|v
,|,|v
quant|quant|v
il|il|v
la|la1|v
##|##
miroit|miroit|v
,|,|v
la|la|v
flors|flors|v
de|de|v
##|##
toutes|toutes|v
biautés|biautés|v
.|.|v
ensi|ensi|v
la|la1|v
##|##
conduisoit|conduisoit|v
li|li|v
roi|roi|v
com|com|v
je|je|v
##|##
vos|vos|v
ai|ai1|v
dit|dit4|v
.|.|v
si|si|v
##|##
disoit|disoit|v
bien|bien4|v
à|à|v
soi|soi|v
meïsmes|meïsmes1|v
##|##
q’|q’1|v
il|il|v
avra|avra|v
desormés|desormés|v
,|,|v
##|##
se|se4|v
cuide|cuide|v
,|,|v
sa|sa|v
suor|suor|v
##|##
efionan|efionan|v
qe|qe1|v
les|les|v
gresois|gresois2|v
hont|hont|v
##|##
longuement|longuement|v
tenue|tenue2|v
;|;|v
bien|bien4|v
en|en|v
cuide|cuide1|v
##|##
avoir|avoir|v
raison|raison|v
à|à|v
sa|sa|v
volonté|volonté|v
##|##
et|et|v
à|à|v
sa|sa|v
devise|devise|v
.|.|v
##|##
moult|moult|v
se|se|v
reconforte|reconforte|v
li|li|v
roi|roi|v
##|##
priant|priant|v
de|de|v
dame|dame|v
heleine|heleine|v
,|,|v
##|##
si|si|v
la|la1|v
pria|pria|v
moult|moult|v
doucement|doucement|v
##|##
q’|q’1|v
elle|elle|v
se|se|v
reconfortast|reconfortast|v
car|car|v
##|##
voirement|voirement|v
le|le6|v
sache|sache1|v
elle|elle|v
q’|q’1|v
##|##
il|il|v
li|li3|v
fera|fera|v
tot|tot3|v
l’|l’|v
##|##
enor|enor|v
et|et|v
tot|tot3|v
le|le|v
bien|bien1|v
##|##
q’|q’|v
il|il|v
poira|poira1|v
,|,|v
et|et|v
##|##
q’|q’1|v
il|il|v
la|la1|v
feira|feira|v
roine|roine|v
##|##
de|de|v
son|son1|v
reigne|reigne|v
,|,|v
de|de|v
##|##
qoi|qoi|v
elle|elle|v
sera|sera1|v
moult|moult|v
honoree|honoree|v
##|##
à|à|v
son|son1|v
vivant|vivant1|v
.|.|v
tant|tant|v
##|##
chevaucherent|chevaucherent|v
en_tel_mainiere|en_tel_mainiere|v
en_si|en_si|v
parlant|parlant|v
q’|q’1|v
##|##
il|il1|v
vindrent|vindrent|v
à|à|v
troie|troie|v
,|,|v
##|##
si|si|v
entrerent|entrerent|v
de_denz|de_denz|v
la|la|v
cité|cité|v
##|##
et|et|v
chevauchere|chevauchere|v
par|par|v
les|les1|v
rues|rues|v
##|##
amont|amont|v
.|.|v
li|li|v
pueple|pueple|v
de|de|v
##|##
la|la|v
ville|ville|v
lor|lor4|v
vint|vint|v
à_l_encontre|à_l_encontre|v
##|##
por|por|v
veoir|veoir|v
cele|cele|v
proie|proie|v
et|et|v
##|##
cele|cele|v
victoire|victoire|v
.|.|v
si|si|v
vos|vos|v
##|##
di|di|v
qe|qe3|v
vos|vos1|v
ne|ne|v
veïstes|veïstes|v
##|##
honque|honque|v
ni|ni|v
oïstes|oïstes|v
parler|parler|v
de|de|v
##|##
si|si|v
mervoilleuse|mervoilleuse|v
feste|feste|v
come|come|v
fu|fu|v
##|##
celle|celle|v
et|et|v
honorés|honorés2|v
entre|entre|v
paris|paris|v
##|##
et|et|v
sa|sa|v
conpaignie|conpaignie|v
.|.|v
lendemains|lendemains|v
##|##
aprés|aprés1|v
espousa|espousa|v
paris|paris1|v
dame|dame|v
heleine|heleine|v
##|##
por|por|v
la|la|v
volonté|volonté|v
son|son1|v
pere|pere1|v
##|##
à|à|v
moult|moult|v
grant|grant1|v
henor|henor|v
et|et|v
##|##
à|à|v
moult|moult|v
grant|grant4|v
hautesse|hautesse|v
,|,|v
##|##
car|car|v
tos|tos7|v
cels|cels|v
de|de|v
la|la|v
##|##
ville|ville|v
festoierent|festoierent|v
viii|viii|v
jors|jors|v
tos|tos1|v
##|##
entiers|entiers|v
.|.|v
si|si|v
fist|fist2|v
li|li|v
##|##
roi|roi|v
adonques|adonques|v
moult|moult|v
grant|grant5|v
nosses|nosses|v
##|##
tel|tel7|v
qe|qe3|v
jamés|jamés|v
si|si|v
grant|grant5|v
##|##
ne|ne|v
furent|furent2|v
veües|veües|v
en|en|v
·ulle|·ulle|v
##|##
terre|terre|v
.|.|v
li|li|v
roi|roi|v
se|se|v
##|##
tient|tient1|v
à|à|v
guerri|guerri|v
,|,|v
et|et|v
##|##
tos|tos7|v
les|les|v
autres|autres1|v
troienz|troienz2|v
ausi|ausi|v
##|##
,|,|v
de|de|v
ce_q’|ce_q’|v
il|il1|v
ont|ont1|v
##|##
si|si|v
laidis|laidis|v
lor|lor6|v
henemis|henemis|v
.|.|v
##|##
le|le|v
grant|grant1|v
duel|duel1|v
qe|qe1|v
cassandre|cassandre|v
##|##
demeine|demeine|v
de|de|v
la|la|v
verité|verité|v
heleine|heleine|v
##|##
ensi|ensi|v
dura|dura|v
la|la|v
feste|feste|v
et|et|v
##|##
la|la|v
joie|joie|v
de_dens|de_dens|v
la|la|v
cité|cité|v
##|##
com|com|v
dit|dit4|v
vos|vos|v
ai|ai1|v
,|,|v
##|##
por|por|v
henor|henor|v
de|de|v
la|la|v
victoire|victoire|v
##|##
q’|q’|v
il|il1|v
avoient|avoient1|v
eüe|eüe|v
.|.|v
##|##
dame|dame|v
heleine|heleine|v
fu|fu1|v
moult|moult|v
honoree|honoree|v
##|##
et|et|v
moult|moult|v
cherie|cherie|v
dou|dou|v
roi|roi1|v
##|##
priant|priant1|v
et|et|v
de|de|v
la|la|v
roine|roine|v
##|##
ecuba|ecuba|v
et|et|v
de|de|v
freres|freres1|v
paris|paris|v
##|##
ausi|ausi|v
;|;|v
les|les1|v
sereor|sereor|v
paris|paris|v
la|la1|v
##|##
conjoïrent|conjoïrent|v
et|et|v
honorerent|honorerent|v
asés|asés|v
de|de|v
##|##
tot|tot3|v
lor|lor1|v
poïr|poïr|v
fors|fors|v
casandre|casandre|v
##|##
seulement|seulement|v
.|.|v
à|à|v
celi|celi|v
desplest|desplest|v
##|##
moult|moult|v
la|la|v
venue|venue|v
dame|dame|v
heleine|heleine|v
##|##
et|et|v
moult|moult|v
li|li3|v
grieve|grieve|v
por_ce_q’|por_ce_q’|v
##|##
elle|elle|v
set|set|v
veraiement|veraiement|v
qe|qe3|v
por|por|v
##|##
li|li3|v
sera|sera1|v
troie|troie|v
destruite|destruite|v
et|et|v
##|##
isilliee|isilliee|v
;|;|v
elle|elle|v
plore|plore|v
et|et|v
plaint|plaint1|v
##|##
moult|moult|v
durement|durement|v
,|,|v
elle|elle|v
crie|crie|v
##|##
et|et|v
blait|blait|v
ausi_com|ausi_com|v
feme|feme|v
forsenee|forsenee|v
##|##
,|,|v
elle|elle|v
crioit|crioit|v
aute|aute|v
vois|vois1|v
##|##
et|et|v
disoit|disoit|v
à|à|v
tot|tot3|v
le|le|v
##|##
pueple|pueple1|v
q’|q’1|v
elle|elle|v
savoit|savoit1|v
certainement|certainement|v
##|##
qe|qe3|v
por_ce|por_ce|v
seroit|seroit|v
troie|troie|v
destruite|destruite|v
##|##
,|,|v
et|et|v
qe|qe3|v
jamés|jamés|v
aprés|aprés1|v
##|##
ne|ne|v
seroit|seroit|v
abitee|abitee|v
.|.|v
"|"||v
##|##
haï_las|haï_las|v
,|,|v
fet|fet1|v
casandre|casandre|v
,|,|v
##|##
noble|noble|v
cité|cité|v
de|de|v
troie|troie|v
,|,|v
##|##
qe|qe2|v
grant|grant|v
damaje|damaje|v
sera|sera3|v
de|de|v
##|##
vos|vos|v
quant|quant|v
l_en|l_en|v
vos|vos|v
veira|veira|v
##|##
ardoir|ardoir|v
et|et|v
ceste|ceste1|v
belle|belle|v
tor|tor|v
##|##
trebuchier|trebuchier|v
et|et|v
cheïr|cheïr|v
et|et|v
les|les|v
##|##
riches|riches2|v
tenples|tenples|v
et|et|v
les|les1|v
maison|maison1|v
##|##
ausi|ausi|v
!|!|v
haï|haï|v
roi|roi|v
priant|priant|v
##|##
,|,|v
come|come|v
ceste|ceste|v
est|est|v
aventure|aventure|v
##|##
par|par|v
toi|toi|v
!|!|v
haï|haï|v
ecuba|ecuba|v
##|##
,|,|v
mere|mere|v
doux|doux1|v
,|,|v
qe|qe2|v
##|##
dolereuse|dolereuse|v
noriture|noriture|v
vos|vos1|v
verrois|verrois|v
de|de|v
##|##
nos|nos4|v
enfains|enfains|v
!|!|v
car|car|v
vos|vos1|v
##|##
les|les4|v
veirés|veirés|v
morir|morir|v
à|à|v
doulor|doulor|v
##|##
et|et|v
finer|finer|v
à|à|v
martir|martir|v
,|,|v
##|##
car|car|v
tos|tos5|v
les|les4|v
verrois|verrois|v
hocir|hocir|v
##|##
tos|tos5|v
et|et|v
detrenchier|detrenchier|v
;|;|v
et|et|v
vostre|vostre3|v
##|##
belle|belle1|v
filles|filles|v
morir|morir|v
et|et|v
tel|tel|v
##|##
mener|mener|v
en|en|v
servaje|servaje|v
!|!|v
li|li|v
##|##
roi|roi1|v
priant|priant1|v
meïsmes|meïsmes1|v
vereois|vereois|v
vos|vos1|v
##|##
hocis|hocis3|v
et|et|v
detrenchés|detrenchés1|v
.|.|v
haï|haï|v
##|##
roi|roi|v
priant|priant|v
,|,|v
qel|qel3|v
consoil|consoil1|v
##|##
prenderés|prenderés|v
vos|vos1|v
de|de|v
vostre|vostre2|v
belle|belle|v
##|##
mainee|mainee|v
qi|qi|v
en|en|v
tel|tel8|v
perils|perils|v
##|##
avés|avés|v
mise|mise|v
et|et|v
toute|toute|v
vostre|vostre2|v
##|##
baronie|baronie|v
ausi|ausi|v
!|!|v
et|et|v
de|de|v
##|##
vostre|vostre2|v
cité|cité|v
qi|qi|v
doit|doit|v
estre|estre|v
##|##
destruite|destruite|v
sans|sans|v
faillir|faillir|v
!|!|v
haï|haï|v
##|##
belles|belles|v
dames|dames|v
et|et|v
damoiseles|damoiseles1|v
,|,|v
##|##
pensés|pensés1|v
de|de|v
vostre|vostre2|v
vie|vie|v
sauver|sauver|v
##|##
et|et|v
garentir|garentir|v
!|!|v
car|car|v
vostre|vostre2|v
##|##
mort|mort|v
est|est|v
trop|trop|v
prochaine|prochaine|v
,|,|v
##|##
li|li|v
terme|terme1|v
s’|s’|v
aproche|aproche|v
durement|durement|v
##|##
.|.|v
je|je|v
ne|ne|v
me|me|v
puis|puis1|v
##|##
penser|penser|v
où|où|v
je|je|v
tantes|tantes|v
lermes|lermes|v
##|##
prendra|prendra|v
et|et|v
vos|vos1|v
ausi|ausi|v
com|com|v
##|##
il|il2|v
ne|ne|v
convendra|convendra|v
rendre|rendre|v
.|.|v
##|##
nostre|nostre2|v
doulor|doulor2|v
sera|sera3|v
si|si|v
desmesuré|desmesuré|v
##|##
qe|qe3|v
l’|l’1|v
une|une1|v
pasmera|pasmera|v
delés|delés|v
##|##
l’|l’1|v
autre|autre8|v
;|;|v
si|si|v
vorront|vorront|v
morir|morir|v
##|##
et|et|v
non|non|v
poirons|poirons|v
"|"||v
.|.|v
##|##
ensi|ensi|v
disoit|disoit|v
casandre|casandre|v
la|la|v
saje|saje3|v
##|##
à|à|v
aute|aute|v
vois|vois1|v
come|come|v
celle|celle|v
##|##
qi|qi|v
bien|bien4|v
savoit|savoit1|v
la|la|v
verité|verité|v
##|##
,|,|v
qe|qe3|v
tot_ce|tot_ce|v
devoit|devoit|v
avenir|avenir|v
##|##
q’|q’|v
elle|elle|v
disoit|disoit|v
.|.|v
li|li|v
##|##
roi|roi|v
priant|priant|v
la|la1|v
fist|fist1|v
prendre|prendre|v
##|##
et|et|v
metre|metre|v
en|en|v
une|une|v
chanbre|chanbre|v
##|##
loing_de|loing_de|v
gent|gent|v
,|,|v
là_où|là_où|v
il|il|v
##|##
la|la1|v
fist|fist1|v
longuement|longuement|v
demorer|demorer|v
.|.|v
##|##
me|me2|v
je|je|v
vos|vos|v
di|di|v
qe|qe3|v
##|##
miels|miels|v
lor|lor4|v
venist|venist|v
qi|qi1|v
l’|l’4|v
##|##
eüssent|eüssent|v
creüe|creüe1|v
et|et|v
escoutee|escoutee|v
.|.|v
##|##
mes|mes|v
ore|ore2|v
laisse|laisse|v
li|li|v
contes|contes|v
##|##
à|à|v
parler|parler|v
de|de|v
cels|cels1|v
de|de|v
##|##
troie|troie|v
,|,|v
si|si|v
vos|vos|v
devisera|devisera|v
##|##
coment|coment|v
li|li|v
roi|roi|v
menelax|menelax1|v
esploita|esploita|v
##|##
de|de|v
sa|sa|v
feme|feme|v
heleine|heleine|v
qi|qi|v
##|##
tollue|tollue1|v
li|li2|v
fu|fu1|v
en_si_com|en_si_com|v
dit|dit4|v
##|##
vos|vos|v
ai|ai1|v
.|.|v
